"Territory","SHORTNAME","ISO3","Date","HDD18"
"Germany","GERMANY","DEU",2018-01-01,11.5260133743286
"Germany","GERMANY","DEU",2018-01-02,13.486102104187
"Germany","GERMANY","DEU",2018-01-03,11.7940921783447
"Germany","GERMANY","DEU",2018-01-04,11.2611923217773
"Germany","GERMANY","DEU",2018-01-05,10.8137512207031
"Germany","GERMANY","DEU",2018-01-06,12.6562070846558
"Germany","GERMANY","DEU",2018-01-07,15.4561443328857
"Germany","GERMANY","DEU",2018-01-08,15.9468011856079
"Germany","GERMANY","DEU",2018-01-09,14.3760709762573
"Germany","GERMANY","DEU",2018-01-10,13.5260467529297
"Germany","GERMANY","DEU",2018-01-11,14.6573734283447
"Germany","GERMANY","DEU",2018-01-12,14.9835157394409
"Germany","GERMANY","DEU",2018-01-13,15.7229404449463
"Germany","GERMANY","DEU",2018-01-14,17.613452911377
"Germany","GERMANY","DEU",2018-01-15,16.1548595428467
"Germany","GERMANY","DEU",2018-01-16,14.0923728942871
"Germany","GERMANY","DEU",2018-01-17,16.3260631561279
"Germany","GERMANY","DEU",2018-01-18,14.4346399307251
"Germany","GERMANY","DEU",2018-01-19,15.8729448318481
"Germany","GERMANY","DEU",2018-01-20,16.6575717926025
"Germany","GERMANY","DEU",2018-01-21,17.2199058532715
"Germany","GERMANY","DEU",2018-01-22,15.4374122619629
"Germany","GERMANY","DEU",2018-01-23,12.9045972824097
"Germany","GERMANY","DEU",2018-01-24,9.18224334716797
"Germany","GERMANY","DEU",2018-01-25,10.3590364456177
"Germany","GERMANY","DEU",2018-01-26,12.5843772888184
"Germany","GERMANY","DEU",2018-01-27,13.5735034942627
"Germany","GERMANY","DEU",2018-01-28,11.1558694839478
"Germany","GERMANY","DEU",2018-01-29,9.94915199279785
"Germany","GERMANY","DEU",2018-01-30,13.3382329940796
"Germany","GERMANY","DEU",2018-01-31,12.1579341888428
"Germany","GERMANY","DEU",2018-02-01,15.4083518981934
"Germany","GERMANY","DEU",2018-02-02,16.0208644866943
"Germany","GERMANY","DEU",2018-02-03,17.0300045013428
"Germany","GERMANY","DEU",2018-02-04,18.6382293701172
"Germany","GERMANY","DEU",2018-02-05,19.1453628540039
"Germany","GERMANY","DEU",2018-02-06,20.4352569580078
"Germany","GERMANY","DEU",2018-02-07,20.2575397491455
"Germany","GERMANY","DEU",2018-02-08,20.8043041229248
"Germany","GERMANY","DEU",2018-02-09,19.810489654541
"Germany","GERMANY","DEU",2018-02-10,17.9010486602783
"Germany","GERMANY","DEU",2018-02-11,16.3421516418457
"Germany","GERMANY","DEU",2018-02-12,17.3894538879395
"Germany","GERMANY","DEU",2018-02-13,18.8192596435547
"Germany","GERMANY","DEU",2018-02-14,19.4733619689941
"Germany","GERMANY","DEU",2018-02-15,17.5313167572021
"Germany","GERMANY","DEU",2018-02-16,15.5235757827759
"Germany","GERMANY","DEU",2018-02-17,17.5173587799072
"Germany","GERMANY","DEU",2018-02-18,17.9020290374756
"Germany","GERMANY","DEU",2018-02-19,18.4022026062012
"Germany","GERMANY","DEU",2018-02-20,18.7621383666992
"Germany","GERMANY","DEU",2018-02-21,18.9329376220703
"Germany","GERMANY","DEU",2018-02-22,19.4483795166016
"Germany","GERMANY","DEU",2018-02-23,20.3323631286621
"Germany","GERMANY","DEU",2018-02-24,20.6584663391113
"Germany","GERMANY","DEU",2018-02-25,23.4441928863525
"Germany","GERMANY","DEU",2018-02-26,24.8144092559814
"Germany","GERMANY","DEU",2018-02-27,25.9976673126221
"Germany","GERMANY","DEU",2018-02-28,27.123836517334
"Germany","GERMANY","DEU",2018-03-01,24.6511631011963
"Germany","GERMANY","DEU",2018-03-02,23.6903896331787
"Germany","GERMANY","DEU",2018-03-03,21.1985569000244
"Germany","GERMANY","DEU",2018-03-04,16.4355087280273
"Germany","GERMANY","DEU",2018-03-05,13.3671159744263
"Germany","GERMANY","DEU",2018-03-06,14.9197597503662
"Germany","GERMANY","DEU",2018-03-07,14.3248424530029
"Germany","GERMANY","DEU",2018-03-08,13.0175838470459
"Germany","GERMANY","DEU",2018-03-09,12.6979837417603
"Germany","GERMANY","DEU",2018-03-10,9.56959915161133
"Germany","GERMANY","DEU",2018-03-11,7.75546550750732
"Germany","GERMANY","DEU",2018-03-12,9.18749237060547
"Germany","GERMANY","DEU",2018-03-13,11.3760328292847
"Germany","GERMANY","DEU",2018-03-14,13.403754234314
"Germany","GERMANY","DEU",2018-03-15,13.1090393066406
"Germany","GERMANY","DEU",2018-03-16,14.4662895202637
"Germany","GERMANY","DEU",2018-03-17,19.9103622436523
"Germany","GERMANY","DEU",2018-03-18,21.0652523040771
"Germany","GERMANY","DEU",2018-03-19,20.4909191131592
"Germany","GERMANY","DEU",2018-03-20,18.7870407104492
"Germany","GERMANY","DEU",2018-03-21,17.9129486083984
"Germany","GERMANY","DEU",2018-03-22,16.3607769012451
"Germany","GERMANY","DEU",2018-03-23,14.3955678939819
"Germany","GERMANY","DEU",2018-03-24,13.3659515380859
"Germany","GERMANY","DEU",2018-03-25,12.7157096862793
"Germany","GERMANY","DEU",2018-03-26,13.0830688476562
"Germany","GERMANY","DEU",2018-03-27,13.1583690643311
"Germany","GERMANY","DEU",2018-03-28,12.0573711395264
"Germany","GERMANY","DEU",2018-03-29,13.2607955932617
"Germany","GERMANY","DEU",2018-03-30,11.8104057312012
"Germany","GERMANY","DEU",2018-03-31,12.4471187591553
"Germany","GERMANY","DEU",2018-04-01,13.9294776916504
"Germany","GERMANY","DEU",2018-04-02,11.1970739364624
"Germany","GERMANY","DEU",2018-04-03,5.22016096115112
"Germany","GERMANY","DEU",2018-04-04,5.93895816802979
"Germany","GERMANY","DEU",2018-04-05,10.1158361434937
"Germany","GERMANY","DEU",2018-04-06,10.9320020675659
"Germany","GERMANY","DEU",2018-04-07,5.57921648025513
"Germany","GERMANY","DEU",2018-04-08,3.46657705307007
"Germany","GERMANY","DEU",2018-04-09,4.10905933380127
"Germany","GERMANY","DEU",2018-04-10,4.55579423904419
"Germany","GERMANY","DEU",2018-04-11,6.80429029464722
"Germany","GERMANY","DEU",2018-04-12,4.6024341583252
"Germany","GERMANY","DEU",2018-04-13,6.401695728302
"Germany","GERMANY","DEU",2018-04-14,6.21128416061401
"Germany","GERMANY","DEU",2018-04-15,5.09241151809692
"Germany","GERMANY","DEU",2018-04-16,5.27277183532715
"Germany","GERMANY","DEU",2018-04-17,4.47186326980591
"Germany","GERMANY","DEU",2018-04-18,1.98204588890076
"Germany","GERMANY","DEU",2018-04-19,0.718493103981018
"Germany","GERMANY","DEU",2018-04-20,0.240695685148239
"Germany","GERMANY","DEU",2018-04-21,1.3821165561676
"Germany","GERMANY","DEU",2018-04-22,0.985466837882996
"Germany","GERMANY","DEU",2018-04-23,2.54846286773682
"Germany","GERMANY","DEU",2018-04-24,5.06243705749512
"Germany","GERMANY","DEU",2018-04-25,4.94161701202393
"Germany","GERMANY","DEU",2018-04-26,8.50914192199707
"Germany","GERMANY","DEU",2018-04-27,6.66323232650757
"Germany","GERMANY","DEU",2018-04-28,4.50284004211426
"Germany","GERMANY","DEU",2018-04-29,2.346834897995
"Germany","GERMANY","DEU",2018-04-30,4.59747314453125
"Germany","GERMANY","DEU",2018-05-01,8.71830558776855
"Germany","GERMANY","DEU",2018-05-02,7.27121925354004
"Germany","GERMANY","DEU",2018-05-03,5.71054077148438
"Germany","GERMANY","DEU",2018-05-04,5.18082237243652
"Germany","GERMANY","DEU",2018-05-05,3.47883749008179
"Germany","GERMANY","DEU",2018-05-06,1.83873689174652
"Germany","GERMANY","DEU",2018-05-07,0.965052723884582
"Germany","GERMANY","DEU",2018-05-08,0.329034447669983
"Germany","GERMANY","DEU",2018-05-09,0.514200389385223
"Germany","GERMANY","DEU",2018-05-10,3.17279481887817
"Germany","GERMANY","DEU",2018-05-11,4.05684900283813
"Germany","GERMANY","DEU",2018-05-12,0.822045385837555
"Germany","GERMANY","DEU",2018-05-13,1.60666561126709
"Germany","GERMANY","DEU",2018-05-14,1.35382878780365
"Germany","GERMANY","DEU",2018-05-15,2.57377457618713
"Germany","GERMANY","DEU",2018-05-16,3.91794466972351
"Germany","GERMANY","DEU",2018-05-17,5.27818632125854
"Germany","GERMANY","DEU",2018-05-18,6.18218278884888
"Germany","GERMANY","DEU",2018-05-19,5.17754459381104
"Germany","GERMANY","DEU",2018-05-20,2.81941246986389
"Germany","GERMANY","DEU",2018-05-21,0.792420148849487
"Germany","GERMANY","DEU",2018-05-22,0.732252836227417
"Germany","GERMANY","DEU",2018-05-23,0.544061124324799
"Germany","GERMANY","DEU",2018-05-24,0.915525913238525
"Germany","GERMANY","DEU",2018-05-25,0.302146255970001
"Germany","GERMANY","DEU",2018-05-26,0.057852391153574
"Germany","GERMANY","DEU",2018-05-27,0.0615606941282749
"Germany","GERMANY","DEU",2018-05-28,0.00487814424559474
"Germany","GERMANY","DEU",2018-05-29,0.010530018247664
"Germany","GERMANY","DEU",2018-05-30,0.00517154950648546
"Germany","GERMANY","DEU",2018-05-31,0.0116745857521892
"Germany","GERMANY","DEU",2018-06-01,0.133877888321877
"Germany","GERMANY","DEU",2018-06-02,0.248061954975128
"Germany","GERMANY","DEU",2018-06-03,0.0431315079331398
"Germany","GERMANY","DEU",2018-06-04,0.169056311249733
"Germany","GERMANY","DEU",2018-06-05,0.331695854663849
"Germany","GERMANY","DEU",2018-06-06,0.0582968033850193
"Germany","GERMANY","DEU",2018-06-07,0.0182596128433943
"Germany","GERMANY","DEU",2018-06-08,0.0195468999445438
"Germany","GERMANY","DEU",2018-06-09,0.00786662474274635
"Germany","GERMANY","DEU",2018-06-10,0.0107312174513936
"Germany","GERMANY","DEU",2018-06-11,0.292789727449417
"Germany","GERMANY","DEU",2018-06-12,2.10344195365906
"Germany","GERMANY","DEU",2018-06-13,4.1035475730896
"Germany","GERMANY","DEU",2018-06-14,2.71259069442749
"Germany","GERMANY","DEU",2018-06-15,0.811637461185455
"Germany","GERMANY","DEU",2018-06-16,0.0801872760057449
"Germany","GERMANY","DEU",2018-06-17,0.750958263874054
"Germany","GERMANY","DEU",2018-06-18,0.536703526973724
"Germany","GERMANY","DEU",2018-06-19,0.195355102419853
"Germany","GERMANY","DEU",2018-06-20,0.00291433301754295
"Germany","GERMANY","DEU",2018-06-21,1.58321988582611
"Germany","GERMANY","DEU",2018-06-22,5.6641092300415
"Germany","GERMANY","DEU",2018-06-23,5.11275768280029
"Germany","GERMANY","DEU",2018-06-24,4.05889320373535
"Germany","GERMANY","DEU",2018-06-25,2.38117718696594
"Germany","GERMANY","DEU",2018-06-26,1.61734092235565
"Germany","GERMANY","DEU",2018-06-27,0.430448085069656
"Germany","GERMANY","DEU",2018-06-28,0.617838025093079
"Germany","GERMANY","DEU",2018-06-29,0.0823026522994041
"Germany","GERMANY","DEU",2018-06-30,0.251934975385666
"Germany","GERMANY","DEU",2018-07-01,0.733601093292236
"Germany","GERMANY","DEU",2018-07-02,0.413374662399292
"Germany","GERMANY","DEU",2018-07-03,0.0868664756417274
"Germany","GERMANY","DEU",2018-07-04,0.0823395773768425
"Germany","GERMANY","DEU",2018-07-05,0.181040868163109
"Germany","GERMANY","DEU",2018-07-06,0.326853007078171
"Germany","GERMANY","DEU",2018-07-07,0.330836534500122
"Germany","GERMANY","DEU",2018-07-08,0.160213351249695
"Germany","GERMANY","DEU",2018-07-09,0.514778554439545
"Germany","GERMANY","DEU",2018-07-10,2.36259317398071
"Germany","GERMANY","DEU",2018-07-11,2.38601660728455
"Germany","GERMANY","DEU",2018-07-12,0.572255551815033
"Germany","GERMANY","DEU",2018-07-13,0.0790664777159691
"Germany","GERMANY","DEU",2018-07-14,0.262742608785629
"Germany","GERMANY","DEU",2018-07-15,0.0336728692054748
"Germany","GERMANY","DEU",2018-07-16,0.0214188117533922
"Germany","GERMANY","DEU",2018-07-17,0.0154033908620477
"Germany","GERMANY","DEU",2018-07-18,0.00392859149724245
"Germany","GERMANY","DEU",2018-07-19,0.00704815424978733
"Germany","GERMANY","DEU",2018-07-20,0.00160662271082401
"Germany","GERMANY","DEU",2018-07-21,0.091467097401619
"Germany","GERMANY","DEU",2018-07-22,0.149649679660797
"Germany","GERMANY","DEU",2018-07-23,0.0174970012158155
"Germany","GERMANY","DEU",2018-07-24,0.00100227061193436
"Germany","GERMANY","DEU",2018-07-25,0.00091946689644828
"Germany","GERMANY","DEU",2018-07-26,0.0008222657488659
"Germany","GERMANY","DEU",2018-07-27,0.00053585023852065
"Germany","GERMANY","DEU",2018-07-28,0.00081289134686812
"Germany","GERMANY","DEU",2018-07-29,0.00037479554885067
"Germany","GERMANY","DEU",2018-07-30,0
"Germany","GERMANY","DEU",2018-07-31,0
"Germany","GERMANY","DEU",2018-08-01,0
"Germany","GERMANY","DEU",2018-08-02,0.00048735362361185
"Germany","GERMANY","DEU",2018-08-03,0
"Germany","GERMANY","DEU",2018-08-04,0
"Germany","GERMANY","DEU",2018-08-05,0
"Germany","GERMANY","DEU",2018-08-06,9.19826052268036e-05
"Germany","GERMANY","DEU",2018-08-07,0.00041609679465182
"Germany","GERMANY","DEU",2018-08-08,0.00043886061757802
"Germany","GERMANY","DEU",2018-08-09,0.00119304656982421
"Germany","GERMANY","DEU",2018-08-10,0.336514562368393
"Germany","GERMANY","DEU",2018-08-11,0.960961103439331
"Germany","GERMANY","DEU",2018-08-12,0.0809170976281166
"Germany","GERMANY","DEU",2018-08-13,0.0910206735134125
"Germany","GERMANY","DEU",2018-08-14,0.109682902693748
"Germany","GERMANY","DEU",2018-08-15,0.0503828339278698
"Germany","GERMANY","DEU",2018-08-16,0.00736504048109054
"Germany","GERMANY","DEU",2018-08-17,0.0729563608765602
"Germany","GERMANY","DEU",2018-08-18,0.0420004576444626
"Germany","GERMANY","DEU",2018-08-19,0.00089616753393784
"Germany","GERMANY","DEU",2018-08-20,0.00241693505086004
"Germany","GERMANY","DEU",2018-08-21,0.035862784832716
"Germany","GERMANY","DEU",2018-08-22,0.00071668805321678
"Germany","GERMANY","DEU",2018-08-23,0.00263547990471124
"Germany","GERMANY","DEU",2018-08-24,0.745685219764709
"Germany","GERMANY","DEU",2018-08-25,4.77748584747314
"Germany","GERMANY","DEU",2018-08-26,4.40652513504028
"Germany","GERMANY","DEU",2018-08-27,1.61723732948303
"Germany","GERMANY","DEU",2018-08-28,0.507310211658478
"Germany","GERMANY","DEU",2018-08-29,0.0228915587067604
"Germany","GERMANY","DEU",2018-08-30,1.69241559505463
"Germany","GERMANY","DEU",2018-08-31,3.72647023200989
"Germany","GERMANY","DEU",2018-09-01,3.43213319778442
"Germany","GERMANY","DEU",2018-09-02,2.36171317100525
"Germany","GERMANY","DEU",2018-09-03,0.919822573661804
"Germany","GERMANY","DEU",2018-09-04,0.400207579135895
"Germany","GERMANY","DEU",2018-09-05,0.179333373904228
"Germany","GERMANY","DEU",2018-09-06,0.261992573738098
"Germany","GERMANY","DEU",2018-09-07,1.94666182994843
"Germany","GERMANY","DEU",2018-09-08,2.95328998565674
"Germany","GERMANY","DEU",2018-09-09,0.999497592449188
"Germany","GERMANY","DEU",2018-09-10,0.280064076185226
"Germany","GERMANY","DEU",2018-09-11,0.0598532482981682
"Germany","GERMANY","DEU",2018-09-12,0.609390139579773
"Germany","GERMANY","DEU",2018-09-13,2.70190000534058
"Germany","GERMANY","DEU",2018-09-14,2.97404742240906
"Germany","GERMANY","DEU",2018-09-15,3.07562351226807
"Germany","GERMANY","DEU",2018-09-16,2.44520711898804
"Germany","GERMANY","DEU",2018-09-17,0.525895178318024
"Germany","GERMANY","DEU",2018-09-18,0.0171896014362574
"Germany","GERMANY","DEU",2018-09-19,0.020244549959898
"Germany","GERMANY","DEU",2018-09-20,0.0215563960373402
"Germany","GERMANY","DEU",2018-09-21,0.99365109205246
"Germany","GERMANY","DEU",2018-09-22,5.65445423126221
"Germany","GERMANY","DEU",2018-09-23,6.01060819625854
"Germany","GERMANY","DEU",2018-09-24,8.8689022064209
"Germany","GERMANY","DEU",2018-09-25,9.68400955200195
"Germany","GERMANY","DEU",2018-09-26,7.40810441970825
"Germany","GERMANY","DEU",2018-09-27,3.56544137001038
"Germany","GERMANY","DEU",2018-09-28,6.15486240386963
"Germany","GERMANY","DEU",2018-09-29,8.94140148162842
"Germany","GERMANY","DEU",2018-09-30,7.80333757400513
"Germany","GERMANY","DEU",2018-10-01,9.11510848999023
"Germany","GERMANY","DEU",2018-10-02,9.82808589935303
"Germany","GERMANY","DEU",2018-10-03,6.9334077835083
"Germany","GERMANY","DEU",2018-10-04,7.01809787750244
"Germany","GERMANY","DEU",2018-10-05,4.99748849868774
"Germany","GERMANY","DEU",2018-10-06,3.12397289276123
"Germany","GERMANY","DEU",2018-10-07,5.96485948562622
"Germany","GERMANY","DEU",2018-10-08,7.5015721321106
"Germany","GERMANY","DEU",2018-10-09,5.66072273254395
"Germany","GERMANY","DEU",2018-10-10,3.54611086845398
"Germany","GERMANY","DEU",2018-10-11,2.01303601264954
"Germany","GERMANY","DEU",2018-10-12,0.922357976436615
"Germany","GERMANY","DEU",2018-10-13,1.19790041446686
"Germany","GERMANY","DEU",2018-10-14,1.63538134098053
"Germany","GERMANY","DEU",2018-10-15,2.33536148071289
"Germany","GERMANY","DEU",2018-10-16,3.61723303794861
"Germany","GERMANY","DEU",2018-10-17,4.26416110992432
"Germany","GERMANY","DEU",2018-10-18,5.74019908905029
"Germany","GERMANY","DEU",2018-10-19,7.72702264785767
"Germany","GERMANY","DEU",2018-10-20,8.70553684234619
"Germany","GERMANY","DEU",2018-10-21,9.08129024505615
"Germany","GERMANY","DEU",2018-10-22,9.78319549560547
"Germany","GERMANY","DEU",2018-10-23,8.90911388397217
"Germany","GERMANY","DEU",2018-10-24,6.66906356811523
"Germany","GERMANY","DEU",2018-10-25,6.72471904754639
"Germany","GERMANY","DEU",2018-10-26,8.61228275299072
"Germany","GERMANY","DEU",2018-10-27,12.056845664978
"Germany","GERMANY","DEU",2018-10-28,14.2722320556641
"Germany","GERMANY","DEU",2018-10-29,13.2049770355225
"Germany","GERMANY","DEU",2018-10-30,10.8803482055664
"Germany","GERMANY","DEU",2018-10-31,10.6463279724121
"Germany","GERMANY","DEU",2018-11-01,10.1807985305786
"Germany","GERMANY","DEU",2018-11-02,9.90120983123779
"Germany","GERMANY","DEU",2018-11-03,11.6048698425293
"Germany","GERMANY","DEU",2018-11-04,9.78921031951904
"Germany","GERMANY","DEU",2018-11-05,8.03266620635986
"Germany","GERMANY","DEU",2018-11-06,7.80531549453735
"Germany","GERMANY","DEU",2018-11-07,7.96620512008667
"Germany","GERMANY","DEU",2018-11-08,8.66258239746094
"Germany","GERMANY","DEU",2018-11-09,9.11000919342041
"Germany","GERMANY","DEU",2018-11-10,8.14614582061768
"Germany","GERMANY","DEU",2018-11-11,7.29169464111328
"Germany","GERMANY","DEU",2018-11-12,6.95725393295288
"Germany","GERMANY","DEU",2018-11-13,8.51553726196289
"Germany","GERMANY","DEU",2018-11-14,11.4976110458374
"Germany","GERMANY","DEU",2018-11-15,13.004340171814
"Germany","GERMANY","DEU",2018-11-16,13.7712345123291
"Germany","GERMANY","DEU",2018-11-17,15.1243476867676
"Germany","GERMANY","DEU",2018-11-18,16.5557689666748
"Germany","GERMANY","DEU",2018-11-19,15.5533561706543
"Germany","GERMANY","DEU",2018-11-20,16.2984752655029
"Germany","GERMANY","DEU",2018-11-21,16.8786811828613
"Germany","GERMANY","DEU",2018-11-22,16.4201183319092
"Germany","GERMANY","DEU",2018-11-23,16.2416152954102
"Germany","GERMANY","DEU",2018-11-24,14.9797792434692
"Germany","GERMANY","DEU",2018-11-25,14.2343950271606
"Germany","GERMANY","DEU",2018-11-26,14.6549606323242
"Germany","GERMANY","DEU",2018-11-27,16.7422008514404
"Germany","GERMANY","DEU",2018-11-28,16.7931823730469
"Germany","GERMANY","DEU",2018-11-29,14.4639329910278
"Germany","GERMANY","DEU",2018-11-30,13.2882652282715
"Germany","GERMANY","DEU",2018-12-01,12.2947998046875
"Germany","GERMANY","DEU",2018-12-02,9.43768310546875
"Germany","GERMANY","DEU",2018-12-03,7.14730978012085
"Germany","GERMANY","DEU",2018-12-04,12.1534595489502
"Germany","GERMANY","DEU",2018-12-05,15.0245380401611
"Germany","GERMANY","DEU",2018-12-06,10.5407199859619
"Germany","GERMANY","DEU",2018-12-07,8.11888122558594
"Germany","GERMANY","DEU",2018-12-08,11.3192987442017
"Germany","GERMANY","DEU",2018-12-09,11.2989072799683
"Germany","GERMANY","DEU",2018-12-10,14.181791305542
"Germany","GERMANY","DEU",2018-12-11,15.2935361862183
"Germany","GERMANY","DEU",2018-12-12,16.4587535858154
"Germany","GERMANY","DEU",2018-12-13,17.8431491851807
"Germany","GERMANY","DEU",2018-12-14,18.56081199646
"Germany","GERMANY","DEU",2018-12-15,19.1715526580811
"Germany","GERMANY","DEU",2018-12-16,18.9547996520996
"Germany","GERMANY","DEU",2018-12-17,15.8152294158936
"Germany","GERMANY","DEU",2018-12-18,14.8538856506348
"Germany","GERMANY","DEU",2018-12-19,14.6491622924805
"Germany","GERMANY","DEU",2018-12-20,12.9363231658936
"Germany","GERMANY","DEU",2018-12-21,10.2455749511719
"Germany","GERMANY","DEU",2018-12-22,9.85055160522461
"Germany","GERMANY","DEU",2018-12-23,11.0258693695068
"Germany","GERMANY","DEU",2018-12-24,14.453351020813
"Germany","GERMANY","DEU",2018-12-25,15.8213376998901
"Germany","GERMANY","DEU",2018-12-26,16.6070022583008
"Germany","GERMANY","DEU",2018-12-27,16.1827507019043
"Germany","GERMANY","DEU",2018-12-28,16.2875308990479
"Germany","GERMANY","DEU",2018-12-29,14.9805421829224
"Germany","GERMANY","DEU",2018-12-30,12.6183958053589
"Germany","GERMANY","DEU",2018-12-31,11.9043645858765
"Germany","GERMANY","DEU",2019-01-01,12.460072517395
"Germany","GERMANY","DEU",2019-01-02,16.0831604003906
"Germany","GERMANY","DEU",2019-01-03,18.3230209350586
"Germany","GERMANY","DEU",2019-01-04,16.785120010376
"Germany","GERMANY","DEU",2019-01-05,13.7514266967773
"Germany","GERMANY","DEU",2019-01-06,14.2582168579102
"Germany","GERMANY","DEU",2019-01-07,14.1619052886963
"Germany","GERMANY","DEU",2019-01-08,13.6857080459595
"Germany","GERMANY","DEU",2019-01-09,16.4369125366211
"Germany","GERMANY","DEU",2019-01-10,18.0344047546387
"Germany","GERMANY","DEU",2019-01-11,16.8999347686768
"Germany","GERMANY","DEU",2019-01-12,14.1870193481445
"Germany","GERMANY","DEU",2019-01-13,12.2288503646851
"Germany","GERMANY","DEU",2019-01-14,14.9659147262573
"Germany","GERMANY","DEU",2019-01-15,14.6192169189453
"Germany","GERMANY","DEU",2019-01-16,13.8589496612549
"Germany","GERMANY","DEU",2019-01-17,14.4418573379517
"Germany","GERMANY","DEU",2019-01-18,18.6360683441162
"Germany","GERMANY","DEU",2019-01-19,20.747730255127
"Germany","GERMANY","DEU",2019-01-20,22.0986213684082
"Germany","GERMANY","DEU",2019-01-21,22.0457534790039
"Germany","GERMANY","DEU",2019-01-22,21.9224166870117
"Germany","GERMANY","DEU",2019-01-23,22.3638648986816
"Germany","GERMANY","DEU",2019-01-24,22.3696899414062
"Germany","GERMANY","DEU",2019-01-25,21.1221332550049
"Germany","GERMANY","DEU",2019-01-26,15.4711275100708
"Germany","GERMANY","DEU",2019-01-27,13.7652635574341
"Germany","GERMANY","DEU",2019-01-28,16.266357421875
"Germany","GERMANY","DEU",2019-01-29,17.8221092224121
"Germany","GERMANY","DEU",2019-01-30,18.6219539642334
"Germany","GERMANY","DEU",2019-01-31,18.8655281066895
"Germany","GERMANY","DEU",2019-02-01,17.3822193145752
"Germany","GERMANY","DEU",2019-02-02,16.7936687469482
"Germany","GERMANY","DEU",2019-02-03,17.2455577850342
"Germany","GERMANY","DEU",2019-02-04,17.8709602355957
"Germany","GERMANY","DEU",2019-02-05,17.3297386169434
"Germany","GERMANY","DEU",2019-02-06,16.9041175842285
"Germany","GERMANY","DEU",2019-02-07,15.3887968063354
"Germany","GERMANY","DEU",2019-02-08,12.8563795089722
"Germany","GERMANY","DEU",2019-02-09,11.2663402557373
"Germany","GERMANY","DEU",2019-02-10,11.6846103668213
"Germany","GERMANY","DEU",2019-02-11,14.4693651199341
"Germany","GERMANY","DEU",2019-02-12,15.4002332687378
"Germany","GERMANY","DEU",2019-02-13,14.4820117950439
"Germany","GERMANY","DEU",2019-02-14,13.8446855545044
"Germany","GERMANY","DEU",2019-02-15,12.6967325210571
"Germany","GERMANY","DEU",2019-02-16,11.8557472229004
"Germany","GERMANY","DEU",2019-02-17,11.8243608474731
"Germany","GERMANY","DEU",2019-02-18,11.6530208587646
"Germany","GERMANY","DEU",2019-02-19,12.1033229827881
"Germany","GERMANY","DEU",2019-02-20,12.3292598724365
"Germany","GERMANY","DEU",2019-02-21,10.8332471847534
"Germany","GERMANY","DEU",2019-02-22,11.3866329193115
"Germany","GERMANY","DEU",2019-02-23,15.1828594207764
"Germany","GERMANY","DEU",2019-02-24,13.8701066970825
"Germany","GERMANY","DEU",2019-02-25,11.7535953521729
"Germany","GERMANY","DEU",2019-02-26,10.7650527954102
"Germany","GERMANY","DEU",2019-02-27,9.93512535095215
"Germany","GERMANY","DEU",2019-02-28,9.5246000289917
"Germany","GERMANY","DEU",2019-03-01,11.5933780670166
"Germany","GERMANY","DEU",2019-03-02,12.0625524520874
"Germany","GERMANY","DEU",2019-03-03,8.67842388153076
"Germany","GERMANY","DEU",2019-03-04,9.48292350769043
"Germany","GERMANY","DEU",2019-03-05,12.5360927581787
"Germany","GERMANY","DEU",2019-03-06,10.1768817901611
"Germany","GERMANY","DEU",2019-03-07,8.92424869537354
"Germany","GERMANY","DEU",2019-03-08,11.1926698684692
"Germany","GERMANY","DEU",2019-03-09,10.3148813247681
"Germany","GERMANY","DEU",2019-03-10,11.0719699859619
"Germany","GERMANY","DEU",2019-03-11,14.8116283416748
"Germany","GERMANY","DEU",2019-03-12,12.8787240982056
"Germany","GERMANY","DEU",2019-03-13,12.4697427749634
"Germany","GERMANY","DEU",2019-03-14,12.7108373641968
"Germany","GERMANY","DEU",2019-03-15,10.3428840637207
"Germany","GERMANY","DEU",2019-03-16,9.47703552246094
"Germany","GERMANY","DEU",2019-03-17,10.5952796936035
"Germany","GERMANY","DEU",2019-03-18,13.8942718505859
"Germany","GERMANY","DEU",2019-03-19,14.3075256347656
"Germany","GERMANY","DEU",2019-03-20,12.4701910018921
"Germany","GERMANY","DEU",2019-03-21,9.74561214447022
"Germany","GERMANY","DEU",2019-03-22,8.28922176361084
"Germany","GERMANY","DEU",2019-03-23,9.30555438995361
"Germany","GERMANY","DEU",2019-03-24,10.8207778930664
"Germany","GERMANY","DEU",2019-03-25,13.1708106994629
"Germany","GERMANY","DEU",2019-03-26,13.0159797668457
"Germany","GERMANY","DEU",2019-03-27,11.6243534088135
"Germany","GERMANY","DEU",2019-03-28,9.810546875
"Germany","GERMANY","DEU",2019-03-29,8.34420299530029
"Germany","GERMANY","DEU",2019-03-30,7.46132659912109
"Germany","GERMANY","DEU",2019-03-31,9.23255825042725
"Germany","GERMANY","DEU",2019-04-01,10.2802391052246
"Germany","GERMANY","DEU",2019-04-02,7.72860765457153
"Germany","GERMANY","DEU",2019-04-03,8.71969604492188
"Germany","GERMANY","DEU",2019-04-04,11.3879890441895
"Germany","GERMANY","DEU",2019-04-05,11.095739364624
"Germany","GERMANY","DEU",2019-04-06,7.43593692779541
"Germany","GERMANY","DEU",2019-04-07,6.24145793914795
"Germany","GERMANY","DEU",2019-04-08,7.08991956710815
"Germany","GERMANY","DEU",2019-04-09,9.22567081451416
"Germany","GERMANY","DEU",2019-04-10,11.2741012573242
"Germany","GERMANY","DEU",2019-04-11,12.9986410140991
"Germany","GERMANY","DEU",2019-04-12,14.5341873168945
"Germany","GERMANY","DEU",2019-04-13,15.1016941070557
"Germany","GERMANY","DEU",2019-04-14,13.7984046936035
"Germany","GERMANY","DEU",2019-04-15,9.69990730285644
"Germany","GERMANY","DEU",2019-04-16,8.1080846786499
"Germany","GERMANY","DEU",2019-04-17,6.33762502670288
"Germany","GERMANY","DEU",2019-04-18,4.34997606277466
"Germany","GERMANY","DEU",2019-04-19,3.14441227912903
"Germany","GERMANY","DEU",2019-04-20,3.38941645622253
"Germany","GERMANY","DEU",2019-04-21,3.54453802108765
"Germany","GERMANY","DEU",2019-04-22,2.97106885910034
"Germany","GERMANY","DEU",2019-04-23,3.22869992256165
"Germany","GERMANY","DEU",2019-04-24,1.86282086372375
"Germany","GERMANY","DEU",2019-04-25,2.8781533241272
"Germany","GERMANY","DEU",2019-04-26,6.79121541976929
"Germany","GERMANY","DEU",2019-04-27,8.64251804351807
"Germany","GERMANY","DEU",2019-04-28,10.2780323028564
"Germany","GERMANY","DEU",2019-04-29,9.79037570953369
"Germany","GERMANY","DEU",2019-04-30,7.48730516433716
"Germany","GERMANY","DEU",2019-05-01,7.07373762130737
"Germany","GERMANY","DEU",2019-05-02,7.43494176864624
"Germany","GERMANY","DEU",2019-05-03,9.62737941741943
"Germany","GERMANY","DEU",2019-05-04,13.1081609725952
"Germany","GERMANY","DEU",2019-05-05,12.983193397522
"Germany","GERMANY","DEU",2019-05-06,11.9406728744507
"Germany","GERMANY","DEU",2019-05-07,10.4305629730225
"Germany","GERMANY","DEU",2019-05-08,8.38856887817383
"Germany","GERMANY","DEU",2019-05-09,6.84492254257202
"Germany","GERMANY","DEU",2019-05-10,7.02624368667603
"Germany","GERMANY","DEU",2019-05-11,8.36320781707764
"Germany","GERMANY","DEU",2019-05-12,9.47739028930664
"Germany","GERMANY","DEU",2019-05-13,8.89897441864014
"Germany","GERMANY","DEU",2019-05-14,9.38916492462158
"Germany","GERMANY","DEU",2019-05-15,9.37296199798584
"Germany","GERMANY","DEU",2019-05-16,9.08690357208252
"Germany","GERMANY","DEU",2019-05-17,6.26702737808228
"Germany","GERMANY","DEU",2019-05-18,3.26685094833374
"Germany","GERMANY","DEU",2019-05-19,2.35467624664307
"Germany","GERMANY","DEU",2019-05-20,3.73364973068237
"Germany","GERMANY","DEU",2019-05-21,4.93600511550903
"Germany","GERMANY","DEU",2019-05-22,5.83591604232788
"Germany","GERMANY","DEU",2019-05-23,4.27630186080933
"Germany","GERMANY","DEU",2019-05-24,2.2745316028595
"Germany","GERMANY","DEU",2019-05-25,4.22448682785034
"Germany","GERMANY","DEU",2019-05-26,2.61503028869629
"Germany","GERMANY","DEU",2019-05-27,2.72979545593262
"Germany","GERMANY","DEU",2019-05-28,5.59072637557983
"Germany","GERMANY","DEU",2019-05-29,6.37617826461792
"Germany","GERMANY","DEU",2019-05-30,3.54901528358459
"Germany","GERMANY","DEU",2019-05-31,0.754035294055939
"Germany","GERMANY","DEU",2019-06-01,0.136750712990761
"Germany","GERMANY","DEU",2019-06-02,0.00988322589546442
"Germany","GERMANY","DEU",2019-06-03,0.0191675461828709
"Germany","GERMANY","DEU",2019-06-04,0.0695881471037865
"Germany","GERMANY","DEU",2019-06-05,0.00143189495429396
"Germany","GERMANY","DEU",2019-06-06,2.49063563346863
"Germany","GERMANY","DEU",2019-06-07,1.61605334281921
"Germany","GERMANY","DEU",2019-06-08,2.52349472045898
"Germany","GERMANY","DEU",2019-06-09,1.35994112491608
"Germany","GERMANY","DEU",2019-06-10,0.699950456619263
"Germany","GERMANY","DEU",2019-06-11,1.23125791549683
"Germany","GERMANY","DEU",2019-06-12,1.90935122966766
"Germany","GERMANY","DEU",2019-06-13,0.90992671251297
"Germany","GERMANY","DEU",2019-06-14,0.0217131599783897
"Germany","GERMANY","DEU",2019-06-15,0.0727742239832878
"Germany","GERMANY","DEU",2019-06-16,0.979887366294861
"Germany","GERMANY","DEU",2019-06-17,0.0321440808475017
"Germany","GERMANY","DEU",2019-06-18,0.00124345149379223
"Germany","GERMANY","DEU",2019-06-19,0.00073185371002182
"Germany","GERMANY","DEU",2019-06-20,0.147178187966347
"Germany","GERMANY","DEU",2019-06-21,0.620936155319214
"Germany","GERMANY","DEU",2019-06-22,0.393342703580856
"Germany","GERMANY","DEU",2019-06-23,0.0354428142309189
"Germany","GERMANY","DEU",2019-06-24,0.00026238031568937
"Germany","GERMANY","DEU",2019-06-25,0
"Germany","GERMANY","DEU",2019-06-26,0.00101158476900309
"Germany","GERMANY","DEU",2019-06-27,0.389247357845306
"Germany","GERMANY","DEU",2019-06-28,0.296475768089294
"Germany","GERMANY","DEU",2019-06-29,0.00101044261828064
"Germany","GERMANY","DEU",2019-06-30,0
"Germany","GERMANY","DEU",2019-07-01,0.0201235078275204
"Germany","GERMANY","DEU",2019-07-02,0.798814415931702
"Germany","GERMANY","DEU",2019-07-03,1.74352025985718
"Germany","GERMANY","DEU",2019-07-04,1.07365012168884
"Germany","GERMANY","DEU",2019-07-05,0.263103276491165
"Germany","GERMANY","DEU",2019-07-06,0.511771082878113
"Germany","GERMANY","DEU",2019-07-07,2.30255174636841
"Germany","GERMANY","DEU",2019-07-08,3.64232110977173
"Germany","GERMANY","DEU",2019-07-09,3.76877355575562
"Germany","GERMANY","DEU",2019-07-10,2.20117473602295
"Germany","GERMANY","DEU",2019-07-11,1.64037728309631
"Germany","GERMANY","DEU",2019-07-12,1.15434491634369
"Germany","GERMANY","DEU",2019-07-13,1.65258741378784
"Germany","GERMANY","DEU",2019-07-14,2.53773713111877
"Germany","GERMANY","DEU",2019-07-15,2.63694286346436
"Germany","GERMANY","DEU",2019-07-16,2.19294762611389
"Germany","GERMANY","DEU",2019-07-17,1.00241208076477
"Germany","GERMANY","DEU",2019-07-18,0.0162181090563536
"Germany","GERMANY","DEU",2019-07-19,0.0191789828240871
"Germany","GERMANY","DEU",2019-07-20,0.00042381547973491
"Germany","GERMANY","DEU",2019-07-21,0.0183204263448715
"Germany","GERMANY","DEU",2019-07-22,0.0645493641495705
"Germany","GERMANY","DEU",2019-07-23,0
"Germany","GERMANY","DEU",2019-07-24,0
"Germany","GERMANY","DEU",2019-07-25,0
"Germany","GERMANY","DEU",2019-07-26,0
"Germany","GERMANY","DEU",2019-07-27,0.00123912596609443
"Germany","GERMANY","DEU",2019-07-28,0.142012298107147
"Germany","GERMANY","DEU",2019-07-29,0.0794189274311066
"Germany","GERMANY","DEU",2019-07-30,0.00053962890524417
"Germany","GERMANY","DEU",2019-07-31,0.109159275889397
"Germany","GERMANY","DEU",2019-08-01,0.0612378045916557
"Germany","GERMANY","DEU",2019-08-02,0.0821493417024612
"Germany","GERMANY","DEU",2019-08-03,0.367081135511398
"Germany","GERMANY","DEU",2019-08-04,0.0570511259138584
"Germany","GERMANY","DEU",2019-08-05,0.00152842921670526
"Germany","GERMANY","DEU",2019-08-06,0.00481025362387299
"Germany","GERMANY","DEU",2019-08-07,0.184923425316811
"Germany","GERMANY","DEU",2019-08-08,0.0431238822638988
"Germany","GERMANY","DEU",2019-08-09,0.00795611459761858
"Germany","GERMANY","DEU",2019-08-10,0.00369817065075039
"Germany","GERMANY","DEU",2019-08-11,0.112560339272022
"Germany","GERMANY","DEU",2019-08-12,1.38900101184845
"Germany","GERMANY","DEU",2019-08-13,2.69478821754456
"Germany","GERMANY","DEU",2019-08-14,2.36876583099365
"Germany","GERMANY","DEU",2019-08-15,1.65564870834351
"Germany","GERMANY","DEU",2019-08-16,0.66606879234314
"Germany","GERMANY","DEU",2019-08-17,0.220544561743736
"Germany","GERMANY","DEU",2019-08-18,0.392227709293365
"Germany","GERMANY","DEU",2019-08-19,0.521134972572327
"Germany","GERMANY","DEU",2019-08-20,1.87262463569641
"Germany","GERMANY","DEU",2019-08-21,2.03537368774414
"Germany","GERMANY","DEU",2019-08-22,0.529839277267456
"Germany","GERMANY","DEU",2019-08-23,0.129091277718544
"Germany","GERMANY","DEU",2019-08-24,0.0120853632688522
"Germany","GERMANY","DEU",2019-08-25,0.00804248359054327
"Germany","GERMANY","DEU",2019-08-26,0.00579833053052425
"Germany","GERMANY","DEU",2019-08-27,0.00083023536717519
"Germany","GERMANY","DEU",2019-08-28,0.0006335528451018
"Germany","GERMANY","DEU",2019-08-29,0.00792223960161209
"Germany","GERMANY","DEU",2019-08-30,0.0112012149766087
"Germany","GERMANY","DEU",2019-08-31,0.00160339300055056
"Germany","GERMANY","DEU",2019-09-01,0.437260508537292
"Germany","GERMANY","DEU",2019-09-02,2.84423542022705
"Germany","GERMANY","DEU",2019-09-03,2.51536417007446
"Germany","GERMANY","DEU",2019-09-04,0.986439168453217
"Germany","GERMANY","DEU",2019-09-05,3.58442831039429
"Germany","GERMANY","DEU",2019-09-06,4.54394483566284
"Germany","GERMANY","DEU",2019-09-07,4.89254951477051
"Germany","GERMANY","DEU",2019-09-08,5.6359806060791
"Germany","GERMANY","DEU",2019-09-09,5.84436702728271
"Germany","GERMANY","DEU",2019-09-10,5.12714147567749
"Germany","GERMANY","DEU",2019-09-11,3.68179988861084
"Germany","GERMANY","DEU",2019-09-12,0.771795868873596
"Germany","GERMANY","DEU",2019-09-13,1.12785959243774
"Germany","GERMANY","DEU",2019-09-14,3.21263527870178
"Germany","GERMANY","DEU",2019-09-15,1.57472395896912
"Germany","GERMANY","DEU",2019-09-16,2.93746566772461
"Germany","GERMANY","DEU",2019-09-17,4.70801258087158
"Germany","GERMANY","DEU",2019-09-18,7.01837205886841
"Germany","GERMANY","DEU",2019-09-19,7.94044303894043
"Germany","GERMANY","DEU",2019-09-20,7.37412595748901
"Germany","GERMANY","DEU",2019-09-21,4.15209150314331
"Germany","GERMANY","DEU",2019-09-22,1.889120221138
"Germany","GERMANY","DEU",2019-09-23,3.29189157485962
"Germany","GERMANY","DEU",2019-09-24,3.65260481834412
"Germany","GERMANY","DEU",2019-09-25,3.57157731056213
"Germany","GERMANY","DEU",2019-09-26,2.86385440826416
"Germany","GERMANY","DEU",2019-09-27,2.72998523712158
"Germany","GERMANY","DEU",2019-09-28,3.53847622871399
"Germany","GERMANY","DEU",2019-09-29,2.93757367134094
"Germany","GERMANY","DEU",2019-09-30,3.85303282737732
"Germany","GERMANY","DEU",2019-10-01,3.96733140945435
"Germany","GERMANY","DEU",2019-10-02,7.45251369476318
"Germany","GERMANY","DEU",2019-10-03,9.06329154968262
"Germany","GERMANY","DEU",2019-10-04,8.77706718444824
"Germany","GERMANY","DEU",2019-10-05,8.81034374237061
"Germany","GERMANY","DEU",2019-10-06,10.2848663330078
"Germany","GERMANY","DEU",2019-10-07,9.71341228485107
"Germany","GERMANY","DEU",2019-10-08,6.37310171127319
"Germany","GERMANY","DEU",2019-10-09,6.70283603668213
"Germany","GERMANY","DEU",2019-10-10,7.29452276229858
"Germany","GERMANY","DEU",2019-10-11,5.44230794906616
"Germany","GERMANY","DEU",2019-10-12,3.17682290077209
"Germany","GERMANY","DEU",2019-10-13,0.927359640598297
"Germany","GERMANY","DEU",2019-10-14,1.56080734729767
"Germany","GERMANY","DEU",2019-10-15,3.39049196243286
"Germany","GERMANY","DEU",2019-10-16,5.68156480789185
"Germany","GERMANY","DEU",2019-10-17,4.60824632644653
"Germany","GERMANY","DEU",2019-10-18,4.93150043487549
"Germany","GERMANY","DEU",2019-10-19,5.96455478668213
"Germany","GERMANY","DEU",2019-10-20,5.21166086196899
"Germany","GERMANY","DEU",2019-10-21,4.6714882850647
"Germany","GERMANY","DEU",2019-10-22,6.27087068557739
"Germany","GERMANY","DEU",2019-10-23,6.0916895866394
"Germany","GERMANY","DEU",2019-10-24,4.63516616821289
"Germany","GERMANY","DEU",2019-10-25,4.78311061859131
"Germany","GERMANY","DEU",2019-10-26,4.31222724914551
"Germany","GERMANY","DEU",2019-10-27,7.12001800537109
"Germany","GERMANY","DEU",2019-10-28,11.2609672546387
"Germany","GERMANY","DEU",2019-10-29,12.4247674942017
"Germany","GERMANY","DEU",2019-10-30,14.3368053436279
"Germany","GERMANY","DEU",2019-10-31,15.1439867019653
"Germany","GERMANY","DEU",2019-11-01,12.8444480895996
"Germany","GERMANY","DEU",2019-11-02,5.96236085891724
"Germany","GERMANY","DEU",2019-11-03,7.19661045074463
"Germany","GERMANY","DEU",2019-11-04,8.13693714141846
"Germany","GERMANY","DEU",2019-11-05,9.80300807952881
"Germany","GERMANY","DEU",2019-11-06,10.8473415374756
"Germany","GERMANY","DEU",2019-11-07,11.2141971588135
"Germany","GERMANY","DEU",2019-11-08,12.6172275543213
"Germany","GERMANY","DEU",2019-11-09,13.5003719329834
"Germany","GERMANY","DEU",2019-11-10,15.7015104293823
"Germany","GERMANY","DEU",2019-11-11,15.6108722686768
"Germany","GERMANY","DEU",2019-11-12,13.7011985778809
"Germany","GERMANY","DEU",2019-11-13,14.2411785125732
"Germany","GERMANY","DEU",2019-11-14,14.2012052536011
"Germany","GERMANY","DEU",2019-11-15,13.6253452301025
"Germany","GERMANY","DEU",2019-11-16,14.0439491271973
"Germany","GERMANY","DEU",2019-11-17,14.5726928710938
"Germany","GERMANY","DEU",2019-11-18,13.2006006240845
"Germany","GERMANY","DEU",2019-11-19,13.9097242355347
"Germany","GERMANY","DEU",2019-11-20,15.5943250656128
"Germany","GERMANY","DEU",2019-11-21,14.1428861618042
"Germany","GERMANY","DEU",2019-11-22,13.3625860214233
"Germany","GERMANY","DEU",2019-11-23,12.1558685302734
"Germany","GERMANY","DEU",2019-11-24,13.1957178115845
"Germany","GERMANY","DEU",2019-11-25,13.6866302490234
"Germany","GERMANY","DEU",2019-11-26,11.2568664550781
"Germany","GERMANY","DEU",2019-11-27,9.83541584014893
"Germany","GERMANY","DEU",2019-11-28,9.0693883895874
"Germany","GERMANY","DEU",2019-11-29,12.8543472290039
"Germany","GERMANY","DEU",2019-11-30,16.306957244873
"Germany","GERMANY","DEU",2019-12-01,17.5344486236572
"Germany","GERMANY","DEU",2019-12-02,16.2449226379395
"Germany","GERMANY","DEU",2019-12-03,15.2126817703247
"Germany","GERMANY","DEU",2019-12-04,16.6725425720215
"Germany","GERMANY","DEU",2019-12-05,18.3085250854492
"Germany","GERMANY","DEU",2019-12-06,15.4977264404297
"Germany","GERMANY","DEU",2019-12-07,10.6821804046631
"Germany","GERMANY","DEU",2019-12-08,9.88341522216797
"Germany","GERMANY","DEU",2019-12-09,11.9173145294189
"Germany","GERMANY","DEU",2019-12-10,15.5023288726807
"Germany","GERMANY","DEU",2019-12-11,15.9313097000122
"Germany","GERMANY","DEU",2019-12-12,15.5481939315796
"Germany","GERMANY","DEU",2019-12-13,15.822904586792
"Germany","GERMANY","DEU",2019-12-14,13.0912160873413
"Germany","GERMANY","DEU",2019-12-15,11.044059753418
"Germany","GERMANY","DEU",2019-12-16,11.4025182723999
"Germany","GERMANY","DEU",2019-12-17,9.0901460647583
"Germany","GERMANY","DEU",2019-12-18,10.8001003265381
"Germany","GERMANY","DEU",2019-12-19,11.6932125091553
"Germany","GERMANY","DEU",2019-12-20,10.946117401123
"Germany","GERMANY","DEU",2019-12-21,12.2159128189087
"Germany","GERMANY","DEU",2019-12-22,12.4922466278076
"Germany","GERMANY","DEU",2019-12-23,11.6928110122681
"Germany","GERMANY","DEU",2019-12-24,11.9354209899902
"Germany","GERMANY","DEU",2019-12-25,12.2664995193481
"Germany","GERMANY","DEU",2019-12-26,14.3585834503174
"Germany","GERMANY","DEU",2019-12-27,15.0115842819214
"Germany","GERMANY","DEU",2019-12-28,18.2145748138428
"Germany","GERMANY","DEU",2019-12-29,18.7254657745361
"Germany","GERMANY","DEU",2019-12-30,15.5549192428589
"Germany","GERMANY","DEU",2019-12-31,15.4331102371216
"Germany","GERMANY","DEU",2020-01-01,18.1532039642334
"Germany","GERMANY","DEU",2020-01-02,18.2831974029541
"Germany","GERMANY","DEU",2020-01-03,13.1813440322876
"Germany","GERMANY","DEU",2020-01-04,13.8560876846313
"Germany","GERMANY","DEU",2020-01-05,14.8456268310547
"Germany","GERMANY","DEU",2020-01-06,15.6178388595581
"Germany","GERMANY","DEU",2020-01-07,14.5257663726807
"Germany","GERMANY","DEU",2020-01-08,12.1752643585205
"Germany","GERMANY","DEU",2020-01-09,9.3496618270874
"Germany","GERMANY","DEU",2020-01-10,10.7082166671753
"Germany","GERMANY","DEU",2020-01-11,14.5633535385132
"Germany","GERMANY","DEU",2020-01-12,15.0417976379395
"Germany","GERMANY","DEU",2020-01-13,13.3188676834106
"Germany","GERMANY","DEU",2020-01-14,10.9800863265991
"Germany","GERMANY","DEU",2020-01-15,9.38513660430908
"Germany","GERMANY","DEU",2020-01-16,11.4156932830811
"Germany","GERMANY","DEU",2020-01-17,12.5843372344971
"Germany","GERMANY","DEU",2020-01-18,14.2957382202148
"Germany","GERMANY","DEU",2020-01-19,16.008975982666
"Germany","GERMANY","DEU",2020-01-20,16.311559677124
"Germany","GERMANY","DEU",2020-01-21,18.1466312408447
"Germany","GERMANY","DEU",2020-01-22,18.0110263824463
"Germany","GERMANY","DEU",2020-01-23,17.2897338867188
"Germany","GERMANY","DEU",2020-01-24,18.3110389709473
"Germany","GERMANY","DEU",2020-01-25,17.525484085083
"Germany","GERMANY","DEU",2020-01-26,16.0826377868652
"Germany","GERMANY","DEU",2020-01-27,12.7265949249268
"Germany","GERMANY","DEU",2020-01-28,13.5709314346313
"Germany","GERMANY","DEU",2020-01-29,14.732720375061
"Germany","GERMANY","DEU",2020-01-30,11.9759483337402
"Germany","GERMANY","DEU",2020-01-31,7.41017866134644
"Germany","GERMANY","DEU",2020-02-01,7.63396024703979
"Germany","GERMANY","DEU",2020-02-02,9.621169090271
"Germany","GERMANY","DEU",2020-02-03,9.76322841644287
"Germany","GERMANY","DEU",2020-02-04,13.9811544418335
"Germany","GERMANY","DEU",2020-02-05,15.5868835449219
"Germany","GERMANY","DEU",2020-02-06,15.9029750823975
"Germany","GERMANY","DEU",2020-02-07,15.5758485794067
"Germany","GERMANY","DEU",2020-02-08,14.5476779937744
"Germany","GERMANY","DEU",2020-02-09,9.92549228668213
"Germany","GERMANY","DEU",2020-02-10,10.4730863571167
"Germany","GERMANY","DEU",2020-02-11,13.9801015853882
"Germany","GERMANY","DEU",2020-02-12,14.6259326934814
"Germany","GERMANY","DEU",2020-02-13,14.6897802352905
"Germany","GERMANY","DEU",2020-02-14,12.8683776855469
"Germany","GERMANY","DEU",2020-02-15,11.6164693832397
"Germany","GERMANY","DEU",2020-02-16,6.55860710144043
"Germany","GERMANY","DEU",2020-02-17,9.85588550567627
"Germany","GERMANY","DEU",2020-02-18,12.0864162445068
"Germany","GERMANY","DEU",2020-02-19,13.4606781005859
"Germany","GERMANY","DEU",2020-02-20,12.3850402832031
"Germany","GERMANY","DEU",2020-02-21,12.8993654251099
"Germany","GERMANY","DEU",2020-02-22,10.583607673645
"Germany","GERMANY","DEU",2020-02-23,9.3859691619873
"Germany","GERMANY","DEU",2020-02-24,11.6311941146851
"Germany","GERMANY","DEU",2020-02-25,11.0376262664795
"Germany","GERMANY","DEU",2020-02-26,15.5434017181396
"Germany","GERMANY","DEU",2020-02-27,15.9417304992676
"Germany","GERMANY","DEU",2020-02-28,15.0131855010986
"Germany","GERMANY","DEU",2020-02-29,10.7597627639771
"Germany","GERMANY","DEU",2020-03-01,11.3452320098877
"Germany","GERMANY","DEU",2020-03-02,12.3129615783691
"Germany","GERMANY","DEU",2020-03-03,13.9618768692017
"Germany","GERMANY","DEU",2020-03-04,14.5239000320435
"Germany","GERMANY","DEU",2020-03-05,13.3106622695923
"Germany","GERMANY","DEU",2020-03-06,13.2077417373657
"Germany","GERMANY","DEU",2020-03-07,13.6766710281372
"Germany","GERMANY","DEU",2020-03-08,11.6935529708862
"Germany","GERMANY","DEU",2020-03-09,11.5427732467651
"Germany","GERMANY","DEU",2020-03-10,11.0474920272827
"Germany","GERMANY","DEU",2020-03-11,7.11664056777954
"Germany","GERMANY","DEU",2020-03-12,8.35311603546143
"Germany","GERMANY","DEU",2020-03-13,12.1488723754883
"Germany","GERMANY","DEU",2020-03-14,13.6882524490356
"Germany","GERMANY","DEU",2020-03-15,10.6266241073608
"Germany","GERMANY","DEU",2020-03-16,8.87504959106445
"Germany","GERMANY","DEU",2020-03-17,8.60955715179443
"Germany","GERMANY","DEU",2020-03-18,7.88636159896851
"Germany","GERMANY","DEU",2020-03-19,7.92919635772705
"Germany","GERMANY","DEU",2020-03-20,9.67172336578369
"Germany","GERMANY","DEU",2020-03-21,14.1875228881836
"Germany","GERMANY","DEU",2020-03-22,15.8397483825684
"Germany","GERMANY","DEU",2020-03-23,16.5278701782227
"Germany","GERMANY","DEU",2020-03-24,15.7128028869629
"Germany","GERMANY","DEU",2020-03-25,14.8248643875122
"Germany","GERMANY","DEU",2020-03-26,13.8969812393188
"Germany","GERMANY","DEU",2020-03-27,9.93198204040527
"Germany","GERMANY","DEU",2020-03-28,9.79783535003662
"Germany","GERMANY","DEU",2020-03-29,14.8763942718506
"Germany","GERMANY","DEU",2020-03-30,16.777156829834
"Germany","GERMANY","DEU",2020-03-31,15.9839191436768
"Germany","GERMANY","DEU",2020-04-01,14.9241275787354
"Germany","GERMANY","DEU",2020-04-02,12.4993705749512
"Germany","GERMANY","DEU",2020-04-03,11.7286548614502
"Germany","GERMANY","DEU",2020-04-04,10.9679288864136
"Germany","GERMANY","DEU",2020-04-05,7.67994260787964
"Germany","GERMANY","DEU",2020-04-06,4.74002170562744
"Germany","GERMANY","DEU",2020-04-07,4.72681903839111
"Germany","GERMANY","DEU",2020-04-08,3.67954063415527
"Germany","GERMANY","DEU",2020-04-09,4.86721563339233
"Germany","GERMANY","DEU",2020-04-10,6.4979419708252
"Germany","GERMANY","DEU",2020-04-11,6.36538028717041
"Germany","GERMANY","DEU",2020-04-12,3.69857501983643
"Germany","GERMANY","DEU",2020-04-13,9.358962059021
"Germany","GERMANY","DEU",2020-04-14,13.3210859298706
"Germany","GERMANY","DEU",2020-04-15,9.78892135620117
"Germany","GERMANY","DEU",2020-04-16,5.55853319168091
"Germany","GERMANY","DEU",2020-04-17,5.07494878768921
"Germany","GERMANY","DEU",2020-04-18,4.63599920272827
"Germany","GERMANY","DEU",2020-04-19,6.45703220367432
"Germany","GERMANY","DEU",2020-04-20,6.94184589385986
"Germany","GERMANY","DEU",2020-04-21,5.71496105194092
"Germany","GERMANY","DEU",2020-04-22,4.79313468933105
"Germany","GERMANY","DEU",2020-04-23,4.55549240112305
"Germany","GERMANY","DEU",2020-04-24,4.59557485580444
"Germany","GERMANY","DEU",2020-04-25,7.28466844558716
"Germany","GERMANY","DEU",2020-04-26,7.04884719848633
"Germany","GERMANY","DEU",2020-04-27,4.46545600891113
"Germany","GERMANY","DEU",2020-04-28,4.99765014648438
"Germany","GERMANY","DEU",2020-04-29,6.05579805374146
"Germany","GERMANY","DEU",2020-04-30,6.62079858779907
"Germany","GERMANY","DEU",2020-05-01,7.93294048309326
"Germany","GERMANY","DEU",2020-05-02,9.17404937744141
"Germany","GERMANY","DEU",2020-05-03,7.84631872177124
"Germany","GERMANY","DEU",2020-05-04,7.40749740600586
"Germany","GERMANY","DEU",2020-05-05,9.41775703430176
"Germany","GERMANY","DEU",2020-05-06,8.41990184783936
"Germany","GERMANY","DEU",2020-05-07,6.17463159561157
"Germany","GERMANY","DEU",2020-05-08,3.17955303192139
"Germany","GERMANY","DEU",2020-05-09,1.99343180656433
"Germany","GERMANY","DEU",2020-05-10,2.36423492431641
"Germany","GERMANY","DEU",2020-05-11,10.3769826889038
"Germany","GERMANY","DEU",2020-05-12,11.6919860839844
"Germany","GERMANY","DEU",2020-05-13,9.99994087219238
"Germany","GERMANY","DEU",2020-05-14,9.37185096740723
"Germany","GERMANY","DEU",2020-05-15,8.62488842010498
"Germany","GERMANY","DEU",2020-05-16,6.83891677856445
"Germany","GERMANY","DEU",2020-05-17,5.54787397384644
"Germany","GERMANY","DEU",2020-05-18,2.85946011543274
"Germany","GERMANY","DEU",2020-05-19,1.80223107337952
"Germany","GERMANY","DEU",2020-05-20,2.41525149345398
"Germany","GERMANY","DEU",2020-05-21,1.52445316314697
"Germany","GERMANY","DEU",2020-05-22,0.656840205192566
"Germany","GERMANY","DEU",2020-05-23,4.27833843231201
"Germany","GERMANY","DEU",2020-05-24,5.72819852828979
"Germany","GERMANY","DEU",2020-05-25,4.86499738693237
"Germany","GERMANY","DEU",2020-05-26,4.59771966934204
"Germany","GERMANY","DEU",2020-05-27,2.69367074966431
"Germany","GERMANY","DEU",2020-05-28,3.8172345161438
"Germany","GERMANY","DEU",2020-05-29,3.90300345420837
"Germany","GERMANY","DEU",2020-05-30,3.72736692428589
"Germany","GERMANY","DEU",2020-05-31,3.60008454322815
"Germany","GERMANY","DEU",2020-06-01,1.08301103115082
"Germany","GERMANY","DEU",2020-06-02,0.309586554765701
"Germany","GERMANY","DEU",2020-06-03,0.238874703645706
"Germany","GERMANY","DEU",2020-06-04,3.63090920448303
"Germany","GERMANY","DEU",2020-06-05,6.59614086151123
"Germany","GERMANY","DEU",2020-06-06,5.72489261627197
"Germany","GERMANY","DEU",2020-06-07,5.12124490737915
"Germany","GERMANY","DEU",2020-06-08,4.31897068023682
"Germany","GERMANY","DEU",2020-06-09,4.04196453094482
"Germany","GERMANY","DEU",2020-06-10,3.5788631439209
"Germany","GERMANY","DEU",2020-06-11,2.79977488517761
"Germany","GERMANY","DEU",2020-06-12,0.0950442776083946
"Germany","GERMANY","DEU",2020-06-13,0.100431226193905
"Germany","GERMANY","DEU",2020-06-14,1.07135713100433
"Germany","GERMANY","DEU",2020-06-15,1.23501074314117
"Germany","GERMANY","DEU",2020-06-16,0.984200179576874
"Germany","GERMANY","DEU",2020-06-17,0.834861218929291
"Germany","GERMANY","DEU",2020-06-18,1.13748669624329
"Germany","GERMANY","DEU",2020-06-19,1.37489175796509
"Germany","GERMANY","DEU",2020-06-20,1.26162922382355
"Germany","GERMANY","DEU",2020-06-21,0.332602798938751
"Germany","GERMANY","DEU",2020-06-22,0.149488270282745
"Germany","GERMANY","DEU",2020-06-23,0.0879091396927834
"Germany","GERMANY","DEU",2020-06-24,0.0943236649036408
"Germany","GERMANY","DEU",2020-06-25,0.159247010946274
"Germany","GERMANY","DEU",2020-06-26,0.0133693544194102
"Germany","GERMANY","DEU",2020-06-27,0.00166398542933166
"Germany","GERMANY","DEU",2020-06-28,0.0586792975664139
"Germany","GERMANY","DEU",2020-06-29,1.00470983982086
"Germany","GERMANY","DEU",2020-06-30,1.01092445850372
"Germany","GERMANY","DEU",2020-07-01,0.226104408502579
"Germany","GERMANY","DEU",2020-07-02,0.583623468875885
"Germany","GERMANY","DEU",2020-07-03,0.978443145751953
"Germany","GERMANY","DEU",2020-07-04,0.233860462903976
"Germany","GERMANY","DEU",2020-07-05,0.0194062367081642
"Germany","GERMANY","DEU",2020-07-06,2.14705395698547
"Germany","GERMANY","DEU",2020-07-07,3.15369606018066
"Germany","GERMANY","DEU",2020-07-08,3.020343542099
"Germany","GERMANY","DEU",2020-07-09,0.96836531162262
"Germany","GERMANY","DEU",2020-07-10,1.28449606895447
"Germany","GERMANY","DEU",2020-07-11,3.04390645027161
"Germany","GERMANY","DEU",2020-07-12,2.41169810295105
"Germany","GERMANY","DEU",2020-07-13,0.773591220378876
"Germany","GERMANY","DEU",2020-07-14,0.737651824951172
"Germany","GERMANY","DEU",2020-07-15,2.1515691280365
"Germany","GERMANY","DEU",2020-07-16,3.14331245422363
"Germany","GERMANY","DEU",2020-07-17,1.32059037685394
"Germany","GERMANY","DEU",2020-07-18,0.287046492099762
"Germany","GERMANY","DEU",2020-07-19,0.0183660965412855
"Germany","GERMANY","DEU",2020-07-20,0.451829254627228
"Germany","GERMANY","DEU",2020-07-21,1.31584417819977
"Germany","GERMANY","DEU",2020-07-22,1.34650385379791
"Germany","GERMANY","DEU",2020-07-23,0.308380603790283
"Germany","GERMANY","DEU",2020-07-24,0.0722009763121605
"Germany","GERMANY","DEU",2020-07-25,0.0196452643722296
"Germany","GERMANY","DEU",2020-07-26,0.0656289681792259
"Germany","GERMANY","DEU",2020-07-27,0.0441816784441471
"Germany","GERMANY","DEU",2020-07-28,0.0270677581429482
"Germany","GERMANY","DEU",2020-07-29,0.657190978527069
"Germany","GERMANY","DEU",2020-07-30,0.451644539833069
"Germany","GERMANY","DEU",2020-07-31,0.0298520289361477
"Germany","GERMANY","DEU",2020-08-01,1.95657576114172e-05
"Germany","GERMANY","DEU",2020-08-02,0.0310704950243235
"Germany","GERMANY","DEU",2020-08-03,1.33835279941559
"Germany","GERMANY","DEU",2020-08-04,1.91445589065552
"Germany","GERMANY","DEU",2020-08-05,0.481783837080002
"Germany","GERMANY","DEU",2020-08-06,0.020469956099987
"Germany","GERMANY","DEU",2020-08-07,0.00050246663158759
"Germany","GERMANY","DEU",2020-08-08,0.00045925402082502
"Germany","GERMANY","DEU",2020-08-09,0.00039182027103379
"Germany","GERMANY","DEU",2020-08-10,0.00024113598919939
"Germany","GERMANY","DEU",2020-08-11,0.00031068047974258
"Germany","GERMANY","DEU",2020-08-12,0.00016384992341045
"Germany","GERMANY","DEU",2020-08-13,0.00358066451735794
"Germany","GERMANY","DEU",2020-08-14,0.0105772791430354
"Germany","GERMANY","DEU",2020-08-15,0.00305733387358486
"Germany","GERMANY","DEU",2020-08-16,0.00145203608553856
"Germany","GERMANY","DEU",2020-08-17,0.0263916254043579
"Germany","GERMANY","DEU",2020-08-18,0.0697536543011665
"Germany","GERMANY","DEU",2020-08-19,0.0238565001636744
"Germany","GERMANY","DEU",2020-08-20,0.0001227000466315
"Germany","GERMANY","DEU",2020-08-21,0
"Germany","GERMANY","DEU",2020-08-22,0.00662568025290966
"Germany","GERMANY","DEU",2020-08-23,0.400543481111526
"Germany","GERMANY","DEU",2020-08-24,1.58019113540649
"Germany","GERMANY","DEU",2020-08-25,0.882784843444824
"Germany","GERMANY","DEU",2020-08-26,0.58058750629425
"Germany","GERMANY","DEU",2020-08-27,1.48461544513702
"Germany","GERMANY","DEU",2020-08-28,1.22927212715149
"Germany","GERMANY","DEU",2020-08-29,2.32850885391235
"Germany","GERMANY","DEU",2020-08-30,3.10073518753052
"Germany","GERMANY","DEU",2020-08-31,3.15832901000977
"Germany","GERMANY","DEU",2020-09-01,3.8324499130249
"Germany","GERMANY","DEU",2020-09-02,3.83822870254517
"Germany","GERMANY","DEU",2020-09-03,2.84354829788208
"Germany","GERMANY","DEU",2020-09-04,0.146272346377373
"Germany","GERMANY","DEU",2020-09-05,2.08533835411072
"Germany","GERMANY","DEU",2020-09-06,4.16394329071045
"Germany","GERMANY","DEU",2020-09-07,3.8499608039856
"Germany","GERMANY","DEU",2020-09-08,2.01033616065979
"Germany","GERMANY","DEU",2020-09-09,0.554981648921967
"Germany","GERMANY","DEU",2020-09-10,2.55996704101562
"Germany","GERMANY","DEU",2020-09-11,2.15551567077637
"Germany","GERMANY","DEU",2020-09-12,1.31026494503021
"Germany","GERMANY","DEU",2020-09-13,0.618852555751801
"Germany","GERMANY","DEU",2020-09-14,0.0204972885549068
"Germany","GERMANY","DEU",2020-09-15,0.00517083937302231
"Germany","GERMANY","DEU",2020-09-16,0.142721265554428
"Germany","GERMANY","DEU",2020-09-17,2.88013291358948
"Germany","GERMANY","DEU",2020-09-18,3.86914014816284
"Germany","GERMANY","DEU",2020-09-19,3.17993760108948
"Germany","GERMANY","DEU",2020-09-20,2.68777918815613
"Germany","GERMANY","DEU",2020-09-21,2.04335999488831
"Germany","GERMANY","DEU",2020-09-22,1.18158793449402
"Germany","GERMANY","DEU",2020-09-23,1.01604449748993
"Germany","GERMANY","DEU",2020-09-24,2.05673336982727
"Germany","GERMANY","DEU",2020-09-25,6.81562805175781
"Germany","GERMANY","DEU",2020-09-26,9.06911373138428
"Germany","GERMANY","DEU",2020-09-27,8.16464138031006
"Germany","GERMANY","DEU",2020-09-28,7.52068185806274
"Germany","GERMANY","DEU",2020-09-29,6.56383657455444
"Germany","GERMANY","DEU",2020-09-30,4.91415500640869
"Germany","GERMANY","DEU",2020-10-01,5.38536167144775
"Germany","GERMANY","DEU",2020-10-02,4.17978858947754
"Germany","GERMANY","DEU",2020-10-03,4.82941675186157
"Germany","GERMANY","DEU",2020-10-04,6.36690855026245
"Germany","GERMANY","DEU",2020-10-05,6.95855712890625
"Germany","GERMANY","DEU",2020-10-06,6.31226301193237
"Germany","GERMANY","DEU",2020-10-07,6.64923238754272
"Germany","GERMANY","DEU",2020-10-08,5.7628002166748
"Germany","GERMANY","DEU",2020-10-09,5.42526817321777
"Germany","GERMANY","DEU",2020-10-10,8.77652549743652
"Germany","GERMANY","DEU",2020-10-11,10.554217338562
"Germany","GERMANY","DEU",2020-10-12,10.3034610748291
"Germany","GERMANY","DEU",2020-10-13,10.6498365402222
"Germany","GERMANY","DEU",2020-10-14,10.4886407852173
"Germany","GERMANY","DEU",2020-10-15,9.92255306243896
"Germany","GERMANY","DEU",2020-10-16,10.0122165679932
"Germany","GERMANY","DEU",2020-10-17,10.7043857574463
"Germany","GERMANY","DEU",2020-10-18,10.4944219589233
"Germany","GERMANY","DEU",2020-10-19,10.1129608154297
"Germany","GERMANY","DEU",2020-10-20,9.15643215179443
"Germany","GERMANY","DEU",2020-10-21,4.84418916702271
"Germany","GERMANY","DEU",2020-10-22,3.20103430747986
"Germany","GERMANY","DEU",2020-10-23,4.93069219589233
"Germany","GERMANY","DEU",2020-10-24,5.64243984222412
"Germany","GERMANY","DEU",2020-10-25,6.41096639633179
"Germany","GERMANY","DEU",2020-10-26,8.68714332580566
"Germany","GERMANY","DEU",2020-10-27,9.36886596679688
"Germany","GERMANY","DEU",2020-10-28,7.74506902694702
"Germany","GERMANY","DEU",2020-10-29,8.32672691345215
"Germany","GERMANY","DEU",2020-10-30,5.94605541229248
"Germany","GERMANY","DEU",2020-10-31,5.92660093307495
"Germany","GERMANY","DEU",2020-11-01,5.15300798416138
"Germany","GERMANY","DEU",2020-11-02,1.3646844625473
"Germany","GERMANY","DEU",2020-11-03,7.53985500335693
"Germany","GERMANY","DEU",2020-11-04,11.2367458343506
"Germany","GERMANY","DEU",2020-11-05,12.5703220367432
"Germany","GERMANY","DEU",2020-11-06,11.9056167602539
"Germany","GERMANY","DEU",2020-11-07,11.5932397842407
"Germany","GERMANY","DEU",2020-11-08,11.0052528381348
"Germany","GERMANY","DEU",2020-11-09,10.8448514938354
"Germany","GERMANY","DEU",2020-11-10,12.1295394897461
"Germany","GERMANY","DEU",2020-11-11,10.9638776779175
"Germany","GERMANY","DEU",2020-11-12,9.97951126098633
"Germany","GERMANY","DEU",2020-11-13,9.59991359710693
"Germany","GERMANY","DEU",2020-11-14,7.17657613754272
"Germany","GERMANY","DEU",2020-11-15,7.22909069061279
"Germany","GERMANY","DEU",2020-11-16,8.61396312713623
"Germany","GERMANY","DEU",2020-11-17,8.6519718170166
"Germany","GERMANY","DEU",2020-11-18,8.76045322418213
"Germany","GERMANY","DEU",2020-11-19,10.3006076812744
"Germany","GERMANY","DEU",2020-11-20,14.821346282959
"Germany","GERMANY","DEU",2020-11-21,15.2886352539062
"Germany","GERMANY","DEU",2020-11-22,12.7686424255371
"Germany","GERMANY","DEU",2020-11-23,12.8603715896606
"Germany","GERMANY","DEU",2020-11-24,14.0436401367188
"Germany","GERMANY","DEU",2020-11-25,15.0869579315186
"Germany","GERMANY","DEU",2020-11-26,14.3678340911865
"Germany","GERMANY","DEU",2020-11-27,15.201621055603
"Germany","GERMANY","DEU",2020-11-28,16.4049034118652
"Germany","GERMANY","DEU",2020-11-29,17.7148494720459
"Germany","GERMANY","DEU",2020-11-30,18.6218166351318
"Germany","GERMANY","DEU",2020-12-01,15.9341516494751
"Germany","GERMANY","DEU",2020-12-02,17.0985851287842
"Germany","GERMANY","DEU",2020-12-03,17.3042869567871
"Germany","GERMANY","DEU",2020-12-04,15.79807472229
"Germany","GERMANY","DEU",2020-12-05,15.7619209289551
"Germany","GERMANY","DEU",2020-12-06,15.1505756378174
"Germany","GERMANY","DEU",2020-12-07,14.8069124221802
"Germany","GERMANY","DEU",2020-12-08,16.0206565856934
"Germany","GERMANY","DEU",2020-12-09,16.6962718963623
"Germany","GERMANY","DEU",2020-12-10,17.6611499786377
"Germany","GERMANY","DEU",2020-12-11,16.8426094055176
"Germany","GERMANY","DEU",2020-12-12,14.4642925262451
"Germany","GERMANY","DEU",2020-12-13,13.2841014862061
"Germany","GERMANY","DEU",2020-12-14,12.8536291122437
"Germany","GERMANY","DEU",2020-12-15,11.9402694702148
"Germany","GERMANY","DEU",2020-12-16,11.6579818725586
"Germany","GERMANY","DEU",2020-12-17,11.9778242111206
"Germany","GERMANY","DEU",2020-12-18,13.2535953521729
"Germany","GERMANY","DEU",2020-12-19,13.1499500274658
"Germany","GERMANY","DEU",2020-12-20,12.862922668457
"Germany","GERMANY","DEU",2020-12-21,12.4659862518311
"Germany","GERMANY","DEU",2020-12-22,7.59036159515381
"Germany","GERMANY","DEU",2020-12-23,8.462965965271
"Germany","GERMANY","DEU",2020-12-24,12.5103225708008
"Germany","GERMANY","DEU",2020-12-25,16.677734375
"Germany","GERMANY","DEU",2020-12-26,17.3995513916016
"Germany","GERMANY","DEU",2020-12-27,16.7408123016357
"Germany","GERMANY","DEU",2020-12-28,15.6124477386475
"Germany","GERMANY","DEU",2020-12-29,15.9555139541626
"Germany","GERMANY","DEU",2020-12-30,15.8012456893921
"Germany","GERMANY","DEU",2020-12-31,16.4658012390137
"Germany","GERMANY","DEU",2021-01-01,16.8020553588867
"Germany","GERMANY","DEU",2021-01-02,16.9310188293457
"Germany","GERMANY","DEU",2021-01-03,17.1634407043457
"Germany","GERMANY","DEU",2021-01-04,17.4803218841553
"Germany","GERMANY","DEU",2021-01-05,17.1755504608154
"Germany","GERMANY","DEU",2021-01-06,17.2897186279297
"Germany","GERMANY","DEU",2021-01-07,17.6388530731201
"Germany","GERMANY","DEU",2021-01-08,17.9452838897705
"Germany","GERMANY","DEU",2021-01-09,18.5308322906494
"Germany","GERMANY","DEU",2021-01-10,19.119873046875
"Germany","GERMANY","DEU",2021-01-11,19.2510604858398
"Germany","GERMANY","DEU",2021-01-12,16.329517364502
"Germany","GERMANY","DEU",2021-01-13,16.7974700927734
"Germany","GERMANY","DEU",2021-01-14,17.8072319030762
"Germany","GERMANY","DEU",2021-01-15,19.4460678100586
"Germany","GERMANY","DEU",2021-01-16,20.1796817779541
"Germany","GERMANY","DEU",2021-01-17,19.5011425018311
"Germany","GERMANY","DEU",2021-01-18,16.4339275360107
"Germany","GERMANY","DEU",2021-01-19,15.0714683532715
"Germany","GERMANY","DEU",2021-01-20,12.707631111145
"Germany","GERMANY","DEU",2021-01-21,10.9958267211914
"Germany","GERMANY","DEU",2021-01-22,12.7395105361938
"Germany","GERMANY","DEU",2021-01-23,16.1982498168945
"Germany","GERMANY","DEU",2021-01-24,17.6965942382812
"Germany","GERMANY","DEU",2021-01-25,18.4867534637451
"Germany","GERMANY","DEU",2021-01-26,17.4403915405273
"Germany","GERMANY","DEU",2021-01-27,17.3569374084473
"Germany","GERMANY","DEU",2021-01-28,14.622181892395
"Germany","GERMANY","DEU",2021-01-29,13.465126991272
"Germany","GERMANY","DEU",2021-01-30,16.8116626739502
"Germany","GERMANY","DEU",2021-01-31,19.6362552642822
"Germany","GERMANY","DEU",2021-02-01,17.2567195892334
"Germany","GERMANY","DEU",2021-02-02,13.6320486068726
"Germany","GERMANY","DEU",2021-02-03,10.7217674255371
"Germany","GERMANY","DEU",2021-02-04,12.8810920715332
"Germany","GERMANY","DEU",2021-02-05,13.7632102966309
"Germany","GERMANY","DEU",2021-02-06,15.5805959701538
"Germany","GERMANY","DEU",2021-02-07,19.5466899871826
"Germany","GERMANY","DEU",2021-02-08,22.8733024597168
"Germany","GERMANY","DEU",2021-02-09,25.0578098297119
"Germany","GERMANY","DEU",2021-02-10,25.1790828704834
"Germany","GERMANY","DEU",2021-02-11,24.9910430908203
"Germany","GERMANY","DEU",2021-02-12,25.9920463562012
"Germany","GERMANY","DEU",2021-02-13,25.8448829650879
"Germany","GERMANY","DEU",2021-02-14,23.9146289825439
"Germany","GERMANY","DEU",2021-02-15,19.870189666748
"Germany","GERMANY","DEU",2021-02-16,13.9757890701294
"Germany","GERMANY","DEU",2021-02-17,11.7794933319092
"Germany","GERMANY","DEU",2021-02-18,12.0313301086426
"Germany","GERMANY","DEU",2021-02-19,11.8099727630615
"Germany","GERMANY","DEU",2021-02-20,9.7213830947876
"Germany","GERMANY","DEU",2021-02-21,9.25893306732178
"Germany","GERMANY","DEU",2021-02-22,10.2125120162964
"Germany","GERMANY","DEU",2021-02-23,7.55889987945557
"Germany","GERMANY","DEU",2021-02-24,6.54529905319214
"Germany","GERMANY","DEU",2021-02-25,7.16376113891602
"Germany","GERMANY","DEU",2021-02-26,11.3107452392578
"Germany","GERMANY","DEU",2021-02-27,13.9186935424805
"Germany","GERMANY","DEU",2021-02-28,14.129508972168
"Germany","GERMANY","DEU",2021-03-01,13.7700309753418
"Germany","GERMANY","DEU",2021-03-02,12.7003326416016
"Germany","GERMANY","DEU",2021-03-03,11.7083339691162
"Germany","GERMANY","DEU",2021-03-04,12.6703071594238
"Germany","GERMANY","DEU",2021-03-05,16.3280296325684
"Germany","GERMANY","DEU",2021-03-06,17.3225173950195
"Germany","GERMANY","DEU",2021-03-07,16.5067710876465
"Germany","GERMANY","DEU",2021-03-08,16.3966197967529
"Germany","GERMANY","DEU",2021-03-09,16.1167259216309
"Germany","GERMANY","DEU",2021-03-10,13.778021812439
"Germany","GERMANY","DEU",2021-03-11,10.1957874298096
"Germany","GERMANY","DEU",2021-03-12,11.8220300674438
"Germany","GERMANY","DEU",2021-03-13,12.1358509063721
"Germany","GERMANY","DEU",2021-03-14,13.9253549575806
"Germany","GERMANY","DEU",2021-03-15,13.8376379013062
"Germany","GERMANY","DEU",2021-03-16,14.1764345169067
"Germany","GERMANY","DEU",2021-03-17,15.5901889801025
"Germany","GERMANY","DEU",2021-03-18,16.4474754333496
"Germany","GERMANY","DEU",2021-03-19,16.7836265563965
"Germany","GERMANY","DEU",2021-03-20,17.36496925354
"Germany","GERMANY","DEU",2021-03-21,14.2293491363525
"Germany","GERMANY","DEU",2021-03-22,13.9281368255615
"Germany","GERMANY","DEU",2021-03-23,12.9071025848389
"Germany","GERMANY","DEU",2021-03-24,11.06960105896
"Germany","GERMANY","DEU",2021-03-25,9.8059892654419
"Germany","GERMANY","DEU",2021-03-26,8.16167640686035
"Germany","GERMANY","DEU",2021-03-27,11.694465637207
"Germany","GERMANY","DEU",2021-03-28,10.0876264572144
"Germany","GERMANY","DEU",2021-03-29,5.92382526397705
"Germany","GERMANY","DEU",2021-03-30,5.20618915557861
"Germany","GERMANY","DEU",2021-03-31,3.84018707275391
"Germany","GERMANY","DEU",2021-04-01,5.56248950958252
"Germany","GERMANY","DEU",2021-04-02,11.3912916183472
"Germany","GERMANY","DEU",2021-04-03,12.4023599624634
"Germany","GERMANY","DEU",2021-04-04,13.0973491668701
"Germany","GERMANY","DEU",2021-04-05,14.8966512680054
"Germany","GERMANY","DEU",2021-04-06,17.492036819458
"Germany","GERMANY","DEU",2021-04-07,16.8490619659424
"Germany","GERMANY","DEU",2021-04-08,14.9166221618652
"Germany","GERMANY","DEU",2021-04-09,10.8064546585083
"Germany","GERMANY","DEU",2021-04-10,9.98696517944336
"Germany","GERMANY","DEU",2021-04-11,9.64530181884766
"Germany","GERMANY","DEU",2021-04-12,14.9300956726074
"Germany","GERMANY","DEU",2021-04-13,15.0114164352417
"Germany","GERMANY","DEU",2021-04-14,15.2485208511353
"Germany","GERMANY","DEU",2021-04-15,14.7724609375
"Germany","GERMANY","DEU",2021-04-16,13.3227806091309
"Germany","GERMANY","DEU",2021-04-17,12.0675144195557
"Germany","GERMANY","DEU",2021-04-18,10.710789680481
"Germany","GERMANY","DEU",2021-04-19,9.90347671508789
"Germany","GERMANY","DEU",2021-04-20,8.58907032012939
"Germany","GERMANY","DEU",2021-04-21,8.5232982635498
"Germany","GERMANY","DEU",2021-04-22,10.8249912261963
"Germany","GERMANY","DEU",2021-04-23,10.4847593307495
"Germany","GERMANY","DEU",2021-04-24,10.0132961273193
"Germany","GERMANY","DEU",2021-04-25,11.0623750686646
"Germany","GERMANY","DEU",2021-04-26,11.199273109436
"Germany","GERMANY","DEU",2021-04-27,9.77705001831055
"Germany","GERMANY","DEU",2021-04-28,6.6349458694458
"Germany","GERMANY","DEU",2021-04-29,7.92240238189697
"Germany","GERMANY","DEU",2021-04-30,10.3316650390625
"Germany","GERMANY","DEU",2021-05-01,9.71154022216797
"Germany","GERMANY","DEU",2021-05-02,11.1705846786499
"Germany","GERMANY","DEU",2021-05-03,10.4663639068604
"Germany","GERMANY","DEU",2021-05-04,8.42984580993652
"Germany","GERMANY","DEU",2021-05-05,11.0938930511475
"Germany","GERMANY","DEU",2021-05-06,11.3539943695068
"Germany","GERMANY","DEU",2021-05-07,11.5900497436523
"Germany","GERMANY","DEU",2021-05-08,8.34237384796143
"Germany","GERMANY","DEU",2021-05-09,0.240947484970093
"Germany","GERMANY","DEU",2021-05-10,0.76584130525589
"Germany","GERMANY","DEU",2021-05-11,4.15388631820679
"Germany","GERMANY","DEU",2021-05-12,6.13254594802856
"Germany","GERMANY","DEU",2021-05-13,6.90121793746948
"Germany","GERMANY","DEU",2021-05-14,6.97245597839355
"Germany","GERMANY","DEU",2021-05-15,7.41703367233276
"Germany","GERMANY","DEU",2021-05-16,7.00510883331299
"Germany","GERMANY","DEU",2021-05-17,7.14270830154419
"Germany","GERMANY","DEU",2021-05-18,7.54810428619385
"Germany","GERMANY","DEU",2021-05-19,7.94510841369629
"Germany","GERMANY","DEU",2021-05-20,6.78586626052856
"Germany","GERMANY","DEU",2021-05-21,5.52330112457275
"Germany","GERMANY","DEU",2021-05-22,7.03852939605713
"Germany","GERMANY","DEU",2021-05-23,7.11717081069946
"Germany","GERMANY","DEU",2021-05-24,5.53882598876953
"Germany","GERMANY","DEU",2021-05-25,8.14977741241455
"Germany","GERMANY","DEU",2021-05-26,7.82480049133301
"Germany","GERMANY","DEU",2021-05-27,7.73609066009521
"Germany","GERMANY","DEU",2021-05-28,6.27282476425171
"Germany","GERMANY","DEU",2021-05-29,5.83972454071045
"Germany","GERMANY","DEU",2021-05-30,4.76663780212402
"Germany","GERMANY","DEU",2021-05-31,3.41831016540527
"Germany","GERMANY","DEU",2021-06-01,1.66610872745514
"Germany","GERMANY","DEU",2021-06-02,0.459460347890854
"Germany","GERMANY","DEU",2021-06-03,0.0239217672497034
"Germany","GERMANY","DEU",2021-06-04,0.035760723054409
"Germany","GERMANY","DEU",2021-06-05,0.537515461444855
"Germany","GERMANY","DEU",2021-06-06,1.98206865787506
"Germany","GERMANY","DEU",2021-06-07,1.17785429954529
"Germany","GERMANY","DEU",2021-06-08,0.34193167090416
"Germany","GERMANY","DEU",2021-06-09,0.204423382878304
"Germany","GERMANY","DEU",2021-06-10,0.143787398934364
"Germany","GERMANY","DEU",2021-06-11,0.0379894636571407
"Germany","GERMANY","DEU",2021-06-12,0.334074199199677
"Germany","GERMANY","DEU",2021-06-13,2.0408046245575
"Germany","GERMANY","DEU",2021-06-14,0.231019169092178
"Germany","GERMANY","DEU",2021-06-15,0.226061344146729
"Germany","GERMANY","DEU",2021-06-16,0.0109978569671512
"Germany","GERMANY","DEU",2021-06-17,0
"Germany","GERMANY","DEU",2021-06-18,9.45162319112569e-05
"Germany","GERMANY","DEU",2021-06-19,0.0001414918951923
"Germany","GERMANY","DEU",2021-06-20,0.00733926333487033
"Germany","GERMANY","DEU",2021-06-21,0.774615406990051
"Germany","GERMANY","DEU",2021-06-22,2.08347916603088
"Germany","GERMANY","DEU",2021-06-23,1.36049866676331
"Germany","GERMANY","DEU",2021-06-24,1.40109014511108
"Germany","GERMANY","DEU",2021-06-25,1.11441957950592
"Germany","GERMANY","DEU",2021-06-26,0.123207472264767
"Germany","GERMANY","DEU",2021-06-27,0.0153500540181994
"Germany","GERMANY","DEU",2021-06-28,0.00037397257983684
"Germany","GERMANY","DEU",2021-06-29,0.211063131690025
"Germany","GERMANY","DEU",2021-06-30,2.18823409080505
"Germany","GERMANY","DEU",2021-07-01,3.50081276893616
"Germany","GERMANY","DEU",2021-07-02,1.55213332176208
"Germany","GERMANY","DEU",2021-07-03,0.263736873865128
"Germany","GERMANY","DEU",2021-07-04,0.317530184984207
"Germany","GERMANY","DEU",2021-07-05,0.635450422763824
"Germany","GERMANY","DEU",2021-07-06,0.165325358510017
"Germany","GERMANY","DEU",2021-07-07,0.326270908117294
"Germany","GERMANY","DEU",2021-07-08,0.593031108379364
"Germany","GERMANY","DEU",2021-07-09,1.25030159950256
"Germany","GERMANY","DEU",2021-07-10,0.257565677165985
"Germany","GERMANY","DEU",2021-07-11,0.640659034252167
"Germany","GERMANY","DEU",2021-07-12,0.0169648509472608
"Germany","GERMANY","DEU",2021-07-13,0.616095006465912
"Germany","GERMANY","DEU",2021-07-14,1.29903090000153
"Germany","GERMANY","DEU",2021-07-15,0.723615765571594
"Germany","GERMANY","DEU",2021-07-16,0.354985177516937
"Germany","GERMANY","DEU",2021-07-17,0.0594367198646069
"Germany","GERMANY","DEU",2021-07-18,0.0251511130481958
"Germany","GERMANY","DEU",2021-07-19,0.694404542446136
"Germany","GERMANY","DEU",2021-07-20,1.01083743572235
"Germany","GERMANY","DEU",2021-07-21,0.372825294733047
"Germany","GERMANY","DEU",2021-07-22,0.192631736397743
"Germany","GERMANY","DEU",2021-07-23,0.330127507448196
"Germany","GERMANY","DEU",2021-07-24,0.0284579284489155
"Germany","GERMANY","DEU",2021-07-25,0.0418488681316376
"Germany","GERMANY","DEU",2021-07-26,0.0401988178491592
"Germany","GERMANY","DEU",2021-07-27,0.0659573376178741
"Germany","GERMANY","DEU",2021-07-28,0.205289393663406
"Germany","GERMANY","DEU",2021-07-29,0.394131243228912
"Germany","GERMANY","DEU",2021-07-30,0.031887598335743
"Germany","GERMANY","DEU",2021-07-31,0.566925287246704
"Germany","GERMANY","DEU",2021-08-01,2.05905628204346
"Germany","GERMANY","DEU",2021-08-02,2.42658829689026
"Germany","GERMANY","DEU",2021-08-03,2.64692378044128
"Germany","GERMANY","DEU",2021-08-04,1.81413900852203
"Germany","GERMANY","DEU",2021-08-05,0.981021165847778
"Germany","GERMANY","DEU",2021-08-06,0.719213128089905
"Germany","GERMANY","DEU",2021-08-07,0.942571878433228
"Germany","GERMANY","DEU",2021-08-08,1.69376587867737
"Germany","GERMANY","DEU",2021-08-09,1.27209877967834
"Germany","GERMANY","DEU",2021-08-10,0.88768994808197
"Germany","GERMANY","DEU",2021-08-11,0.346821546554565
"Germany","GERMANY","DEU",2021-08-12,0.00125270697753876
"Germany","GERMANY","DEU",2021-08-13,3.2875090255402e-05
"Germany","GERMANY","DEU",2021-08-14,0.0311520900577307
"Germany","GERMANY","DEU",2021-08-15,0.00819733552634716
"Germany","GERMANY","DEU",2021-08-16,1.56064999103546
"Germany","GERMANY","DEU",2021-08-17,4.09543371200562
"Germany","GERMANY","DEU",2021-08-18,2.27652096748352
"Germany","GERMANY","DEU",2021-08-19,1.09695780277252
"Germany","GERMANY","DEU",2021-08-20,0.762808740139008
"Germany","GERMANY","DEU",2021-08-21,0.209254384040833
"Germany","GERMANY","DEU",2021-08-22,0.841024458408356
"Germany","GERMANY","DEU",2021-08-23,1.85102939605713
"Germany","GERMANY","DEU",2021-08-24,3.08302664756775
"Germany","GERMANY","DEU",2021-08-25,2.87166023254395
"Germany","GERMANY","DEU",2021-08-26,3.65370488166809
"Germany","GERMANY","DEU",2021-08-27,4.43346214294434
"Germany","GERMANY","DEU",2021-08-28,4.08289098739624
"Germany","GERMANY","DEU",2021-08-29,3.77906012535095
"Germany","GERMANY","DEU",2021-08-30,2.55514287948608
"Germany","GERMANY","DEU",2021-08-31,2.66079187393188
"Germany","GERMANY","DEU",2021-09-01,3.11008858680725
"Germany","GERMANY","DEU",2021-09-02,2.70793104171753
"Germany","GERMANY","DEU",2021-09-03,1.76012337207794
"Germany","GERMANY","DEU",2021-09-04,2.20590400695801
"Germany","GERMANY","DEU",2021-09-05,1.87309992313385
"Germany","GERMANY","DEU",2021-09-06,1.40490543842316
"Germany","GERMANY","DEU",2021-09-07,0.948850989341736
"Germany","GERMANY","DEU",2021-09-08,0.403410583734512
"Germany","GERMANY","DEU",2021-09-09,0.032556589692831
"Germany","GERMANY","DEU",2021-09-10,0.0641123428940773
"Germany","GERMANY","DEU",2021-09-11,0.34083765745163
"Germany","GERMANY","DEU",2021-09-12,1.12352216243744
"Germany","GERMANY","DEU",2021-09-13,2.15139031410217
"Germany","GERMANY","DEU",2021-09-14,0.620808184146881
"Germany","GERMANY","DEU",2021-09-15,0.19358417391777
"Germany","GERMANY","DEU",2021-09-16,2.19106721878052
"Germany","GERMANY","DEU",2021-09-17,3.59897470474243
"Germany","GERMANY","DEU",2021-09-18,3.81437540054321
"Germany","GERMANY","DEU",2021-09-19,5.17316246032715
"Germany","GERMANY","DEU",2021-09-20,6.03771829605103
"Germany","GERMANY","DEU",2021-09-21,6.12231302261353
"Germany","GERMANY","DEU",2021-09-22,5.63760280609131
"Germany","GERMANY","DEU",2021-09-23,3.8906409740448
"Germany","GERMANY","DEU",2021-09-24,2.8544909954071
"Germany","GERMANY","DEU",2021-09-25,1.74504840373993
"Germany","GERMANY","DEU",2021-09-26,0.565737247467041
"Germany","GERMANY","DEU",2021-09-27,1.32660555839539
"Germany","GERMANY","DEU",2021-09-28,4.61492729187012
"Germany","GERMANY","DEU",2021-09-29,5.88866996765137
"Germany","GERMANY","DEU",2021-09-30,7.59040069580078
"Germany","GERMANY","DEU",2021-10-01,5.84711265563965
"Germany","GERMANY","DEU",2021-10-02,3.44786834716797
"Germany","GERMANY","DEU",2021-10-03,1.46224677562714
"Germany","GERMANY","DEU",2021-10-04,5.45572090148926
"Germany","GERMANY","DEU",2021-10-05,6.02803421020508
"Germany","GERMANY","DEU",2021-10-06,7.13054990768433
"Germany","GERMANY","DEU",2021-10-07,7.5429744720459
"Germany","GERMANY","DEU",2021-10-08,7.55068445205688
"Germany","GERMANY","DEU",2021-10-09,8.7950439453125
"Germany","GERMANY","DEU",2021-10-10,10.6909379959106
"Germany","GERMANY","DEU",2021-10-11,9.67173290252686
"Germany","GERMANY","DEU",2021-10-12,9.66939926147461
"Germany","GERMANY","DEU",2021-10-13,10.6471061706543
"Germany","GERMANY","DEU",2021-10-14,8.48215103149414
"Germany","GERMANY","DEU",2021-10-15,8.69292449951172
"Germany","GERMANY","DEU",2021-10-16,10.5620899200439
"Germany","GERMANY","DEU",2021-10-17,9.91472434997559
"Germany","GERMANY","DEU",2021-10-18,8.90697002410889
"Germany","GERMANY","DEU",2021-10-19,6.07519912719727
"Germany","GERMANY","DEU",2021-10-20,3.24522089958191
"Germany","GERMANY","DEU",2021-10-21,7.0652289390564
"Germany","GERMANY","DEU",2021-10-22,10.9943771362305
"Germany","GERMANY","DEU",2021-10-23,11.25465965271
"Germany","GERMANY","DEU",2021-10-24,11.7675266265869
"Germany","GERMANY","DEU",2021-10-25,10.617470741272
"Germany","GERMANY","DEU",2021-10-26,8.05333518981934
"Germany","GERMANY","DEU",2021-10-27,7.67894077301025
"Germany","GERMANY","DEU",2021-10-28,9.13782119750977
"Germany","GERMANY","DEU",2021-10-29,9.1654224395752
"Germany","GERMANY","DEU",2021-10-30,8.75356769561768
"Germany","GERMANY","DEU",2021-10-31,5.51862907409668
"Germany","GERMANY","DEU",2021-11-01,8.46917724609375
"Germany","GERMANY","DEU",2021-11-02,10.8220052719116
"Germany","GERMANY","DEU",2021-11-03,11.8794898986816
"Germany","GERMANY","DEU",2021-11-04,11.8298492431641
"Germany","GERMANY","DEU",2021-11-05,11.3460006713867
"Germany","GERMANY","DEU",2021-11-06,11.7010622024536
"Germany","GERMANY","DEU",2021-11-07,11.1407690048218
"Germany","GERMANY","DEU",2021-11-08,11.4561719894409
"Germany","GERMANY","DEU",2021-11-09,12.1656560897827
"Germany","GERMANY","DEU",2021-11-10,14.0984497070312
"Germany","GERMANY","DEU",2021-11-11,14.0451021194458
"Germany","GERMANY","DEU",2021-11-12,13.8809413909912
"Germany","GERMANY","DEU",2021-11-13,12.2822246551514
"Germany","GERMANY","DEU",2021-11-14,10.9488048553467
"Germany","GERMANY","DEU",2021-11-15,12.3671541213989
"Germany","GERMANY","DEU",2021-11-16,13.3174848556519
"Germany","GERMANY","DEU",2021-11-17,12.878098487854
"Germany","GERMANY","DEU",2021-11-18,11.419264793396
"Germany","GERMANY","DEU",2021-11-19,9.89448833465576
"Germany","GERMANY","DEU",2021-11-20,10.2916946411133
"Germany","GERMANY","DEU",2021-11-21,12.6928510665894
"Germany","GERMANY","DEU",2021-11-22,14.6463165283203
"Germany","GERMANY","DEU",2021-11-23,15.1367778778076
"Germany","GERMANY","DEU",2021-11-24,14.4482879638672
"Germany","GERMANY","DEU",2021-11-25,16.0276260375977
"Germany","GERMANY","DEU",2021-11-26,15.9184265136719
"Germany","GERMANY","DEU",2021-11-27,16.0945644378662
"Germany","GERMANY","DEU",2021-11-28,17.0579376220703
"Germany","GERMANY","DEU",2021-11-29,17.0215930938721
"Germany","GERMANY","DEU",2021-11-30,14.5566005706787
"Germany","GERMANY","DEU",2021-12-01,11.8876886367798
"Germany","GERMANY","DEU",2021-12-02,15.9758701324463
"Germany","GERMANY","DEU",2021-12-03,17.3392715454102
"Germany","GERMANY","DEU",2021-12-04,15.1520118713379
"Germany","GERMANY","DEU",2021-12-05,15.731707572937
"Germany","GERMANY","DEU",2021-12-06,17.140308380127
"Germany","GERMANY","DEU",2021-12-07,16.4415168762207
"Germany","GERMANY","DEU",2021-12-08,16.0763397216797
"Germany","GERMANY","DEU",2021-12-09,16.6798248291016
"Germany","GERMANY","DEU",2021-12-10,17.1449909210205
"Germany","GERMANY","DEU",2021-12-11,17.2190914154053
"Germany","GERMANY","DEU",2021-12-12,14.8246250152588
"Germany","GERMANY","DEU",2021-12-13,11.8649711608887
"Germany","GERMANY","DEU",2021-12-14,12.3715343475342
"Germany","GERMANY","DEU",2021-12-15,11.6355762481689
"Germany","GERMANY","DEU",2021-12-16,11.8982448577881
"Germany","GERMANY","DEU",2021-12-17,12.9444446563721
"Germany","GERMANY","DEU",2021-12-18,13.9364852905273
"Germany","GERMANY","DEU",2021-12-19,13.9944067001343
"Germany","GERMANY","DEU",2021-12-20,17.0354442596436
"Germany","GERMANY","DEU",2021-12-21,20.508918762207
"Germany","GERMANY","DEU",2021-12-22,21.4062366485596
"Germany","GERMANY","DEU",2021-12-23,18.1835517883301
"Germany","GERMANY","DEU",2021-12-24,12.6993341445923
"Germany","GERMANY","DEU",2021-12-25,18.3887882232666
"Germany","GERMANY","DEU",2021-12-26,19.7587451934814
"Germany","GERMANY","DEU",2021-12-27,15.8133506774902
"Germany","GERMANY","DEU",2021-12-28,12.6979951858521
"Germany","GERMANY","DEU",2021-12-29,11.1141014099121
"Germany","GERMANY","DEU",2021-12-30,6.74589443206787
"Germany","GERMANY","DEU",2021-12-31,6.58630514144897
"Germany","GERMANY","DEU",2022-01-01,7.92946529388428
"Germany","GERMANY","DEU",2022-01-02,8.88449764251709
"Germany","GERMANY","DEU",2022-01-03,9.15604496002197
"Germany","GERMANY","DEU",2022-01-04,11.2628021240234
"Germany","GERMANY","DEU",2022-01-05,15.4648780822754
"Germany","GERMANY","DEU",2022-01-06,16.8984317779541
"Germany","GERMANY","DEU",2022-01-07,17.2710571289062
"Germany","GERMANY","DEU",2022-01-08,16.7818145751953
"Germany","GERMANY","DEU",2022-01-09,15.5270376205444
"Germany","GERMANY","DEU",2022-01-10,16.5487594604492
"Germany","GERMANY","DEU",2022-01-11,17.6848793029785
"Germany","GERMANY","DEU",2022-01-12,17.5680198669434
"Germany","GERMANY","DEU",2022-01-13,16.7906246185303
"Germany","GERMANY","DEU",2022-01-14,16.1268749237061
"Germany","GERMANY","DEU",2022-01-15,16.9942779541016
"Germany","GERMANY","DEU",2022-01-16,16.5038547515869
"Germany","GERMANY","DEU",2022-01-17,14.0804662704468
"Germany","GERMANY","DEU",2022-01-18,14.183464050293
"Germany","GERMANY","DEU",2022-01-19,15.721230506897
"Germany","GERMANY","DEU",2022-01-20,16.554084777832
"Germany","GERMANY","DEU",2022-01-21,17.193546295166
"Germany","GERMANY","DEU",2022-01-22,14.6490907669067
"Germany","GERMANY","DEU",2022-01-23,14.3147563934326
"Germany","GERMANY","DEU",2022-01-24,15.2561569213867
"Germany","GERMANY","DEU",2022-01-25,16.7000484466553
"Germany","GERMANY","DEU",2022-01-26,17.2597599029541
"Germany","GERMANY","DEU",2022-01-27,15.5253591537476
"Germany","GERMANY","DEU",2022-01-28,14.5635271072388
"Germany","GERMANY","DEU",2022-01-29,12.6847944259644
"Germany","GERMANY","DEU",2022-01-30,13.489782333374
"Germany","GERMANY","DEU",2022-01-31,15.4188070297241
"Germany","GERMANY","DEU",2022-02-01,14.8116626739502
"Germany","GERMANY","DEU",2022-02-02,12.7787342071533
"Germany","GERMANY","DEU",2022-02-03,12.5343656539917
"Germany","GERMANY","DEU",2022-02-04,12.5669841766357
"Germany","GERMANY","DEU",2022-02-05,14.4919538497925
"Germany","GERMANY","DEU",2022-02-06,13.1874084472656
"Germany","GERMANY","DEU",2022-02-07,14.8338108062744
"Germany","GERMANY","DEU",2022-02-08,12.4305858612061
"Germany","GERMANY","DEU",2022-02-09,10.9440851211548
"Germany","GERMANY","DEU",2022-02-10,12.7204923629761
"Germany","GERMANY","DEU",2022-02-11,15.378924369812
"Germany","GERMANY","DEU",2022-02-12,17.2461318969727
"Germany","GERMANY","DEU",2022-02-13,14.5348014831543
"Germany","GERMANY","DEU",2022-02-14,11.2676544189453
"Germany","GERMANY","DEU",2022-02-15,12.2622222900391
"Germany","GERMANY","DEU",2022-02-16,10.0733795166016
"Germany","GERMANY","DEU",2022-02-17,9.40523052215576
"Germany","GERMANY","DEU",2022-02-18,10.1718444824219
"Germany","GERMANY","DEU",2022-02-19,12.9438257217407
"Germany","GERMANY","DEU",2022-02-20,11.4614353179932
"Germany","GERMANY","DEU",2022-02-21,13.0102291107178
"Germany","GERMANY","DEU",2022-02-22,12.6070957183838
"Germany","GERMANY","DEU",2022-02-23,11.8682203292847
"Germany","GERMANY","DEU",2022-02-24,11.9565534591675
"Germany","GERMANY","DEU",2022-02-25,15.1826591491699
"Germany","GERMANY","DEU",2022-02-26,15.4994020462036
"Germany","GERMANY","DEU",2022-02-27,15.8345861434937
"Germany","GERMANY","DEU",2022-02-28,15.8477649688721
"Germany","GERMANY","DEU",2022-03-01,16.0704383850098
"Germany","GERMANY","DEU",2022-03-02,15.7992267608643
"Germany","GERMANY","DEU",2022-03-03,16.0689163208008
"Germany","GERMANY","DEU",2022-03-04,16.7902507781982
"Germany","GERMANY","DEU",2022-03-05,17.0999870300293
"Germany","GERMANY","DEU",2022-03-06,17.6422786712646
"Germany","GERMANY","DEU",2022-03-07,17.3535823822021
"Germany","GERMANY","DEU",2022-03-08,15.8107662200928
"Germany","GERMANY","DEU",2022-03-09,14.1153125762939
"Germany","GERMANY","DEU",2022-03-10,12.5236225128174
"Germany","GERMANY","DEU",2022-03-11,13.0929002761841
"Germany","GERMANY","DEU",2022-03-12,11.8491525650024
"Germany","GERMANY","DEU",2022-03-13,11.0002508163452
"Germany","GERMANY","DEU",2022-03-14,10.9452171325684
"Germany","GERMANY","DEU",2022-03-15,11.9374485015869
"Germany","GERMANY","DEU",2022-03-16,11.115550994873
"Germany","GERMANY","DEU",2022-03-17,10.9557952880859
"Germany","GERMANY","DEU",2022-03-18,11.4175243377686
"Germany","GERMANY","DEU",2022-03-19,12.1683311462402
"Germany","GERMANY","DEU",2022-03-20,11.0382537841797
"Germany","GERMANY","DEU",2022-03-21,9.97816181182861
"Germany","GERMANY","DEU",2022-03-22,9.47004508972168
"Germany","GERMANY","DEU",2022-03-23,9.0543327331543
"Germany","GERMANY","DEU",2022-03-24,9.04872894287109
"Germany","GERMANY","DEU",2022-03-25,8.87456893920898
"Germany","GERMANY","DEU",2022-03-26,8.37804985046387
"Germany","GERMANY","DEU",2022-03-27,8.34085273742676
"Germany","GERMANY","DEU",2022-03-28,8.1166410446167
"Germany","GERMANY","DEU",2022-03-29,9.2038688659668
"Germany","GERMANY","DEU",2022-03-30,11.7209300994873
"Germany","GERMANY","DEU",2022-03-31,13.9393177032471
"Germany","GERMANY","DEU",2022-04-01,16.5722885131836
"Germany","GERMANY","DEU",2022-04-02,17.2507152557373
"Germany","GERMANY","DEU",2022-04-03,16.8158740997314
"Germany","GERMANY","DEU",2022-04-04,14.8831310272217
"Germany","GERMANY","DEU",2022-04-05,10.9913606643677
"Germany","GERMANY","DEU",2022-04-06,8.28778648376465
"Germany","GERMANY","DEU",2022-04-07,8.7319507598877
"Germany","GERMANY","DEU",2022-04-08,12.1557369232178
"Germany","GERMANY","DEU",2022-04-09,13.8248014450073
"Germany","GERMANY","DEU",2022-04-10,13.8039846420288
"Germany","GERMANY","DEU",2022-04-11,11.026349067688
"Germany","GERMANY","DEU",2022-04-12,6.15958786010742
"Germany","GERMANY","DEU",2022-04-13,3.6100447177887
"Germany","GERMANY","DEU",2022-04-14,4.77722358703613
"Germany","GERMANY","DEU",2022-04-15,7.90249252319336
"Germany","GERMANY","DEU",2022-04-16,10.0107002258301
"Germany","GERMANY","DEU",2022-04-17,9.84416580200195
"Germany","GERMANY","DEU",2022-04-18,8.60725975036621
"Germany","GERMANY","DEU",2022-04-19,8.49015235900879
"Germany","GERMANY","DEU",2022-04-20,9.09744834899902
"Germany","GERMANY","DEU",2022-04-21,8.51896572113037
"Germany","GERMANY","DEU",2022-04-22,7.41987800598145
"Germany","GERMANY","DEU",2022-04-23,6.79963731765747
"Germany","GERMANY","DEU",2022-04-24,8.21523571014404
"Germany","GERMANY","DEU",2022-04-25,9.1836986541748
"Germany","GERMANY","DEU",2022-04-26,9.2165002822876
"Germany","GERMANY","DEU",2022-04-27,8.38621425628662
"Germany","GERMANY","DEU",2022-04-28,7.57906436920166
"Germany","GERMANY","DEU",2022-04-29,7.24631881713867
"Germany","GERMANY","DEU",2022-04-30,8.35223579406738
"Germany","GERMANY","DEU",2022-05-01,7.76212787628174
"Germany","GERMANY","DEU",2022-05-02,5.9477219581604
"Germany","GERMANY","DEU",2022-05-03,5.85202360153198
"Germany","GERMANY","DEU",2022-05-04,6.05292892456055
"Germany","GERMANY","DEU",2022-05-05,5.70686101913452
"Germany","GERMANY","DEU",2022-05-06,4.8197193145752
"Germany","GERMANY","DEU",2022-05-07,3.91255569458008
"Germany","GERMANY","DEU",2022-05-08,4.84468746185303
"Germany","GERMANY","DEU",2022-05-09,2.84486532211304
"Germany","GERMANY","DEU",2022-05-10,0.542748928070068
"Germany","GERMANY","DEU",2022-05-11,0.301272422075272
"Germany","GERMANY","DEU",2022-05-12,1.69895839691162
"Germany","GERMANY","DEU",2022-05-13,3.41519737243652
"Germany","GERMANY","DEU",2022-05-14,2.81890344619751
"Germany","GERMANY","DEU",2022-05-15,1.53773510456085
"Germany","GERMANY","DEU",2022-05-16,0.692687332630157
"Germany","GERMANY","DEU",2022-05-17,0.729306638240814
"Germany","GERMANY","DEU",2022-05-18,0.12579682469368
"Germany","GERMANY","DEU",2022-05-19,0.0192809905856848
"Germany","GERMANY","DEU",2022-05-20,0.758934795856476
"Germany","GERMANY","DEU",2022-05-21,3.08113121986389
"Germany","GERMANY","DEU",2022-05-22,2.62507247924805
"Germany","GERMANY","DEU",2022-05-23,0.761822581291199
"Germany","GERMANY","DEU",2022-05-24,3.32147717475891
"Germany","GERMANY","DEU",2022-05-25,3.49020338058472
"Germany","GERMANY","DEU",2022-05-26,2.26136183738708
"Germany","GERMANY","DEU",2022-05-27,3.8642885684967
"Germany","GERMANY","DEU",2022-05-28,6.43288230895996
"Germany","GERMANY","DEU",2022-05-29,8.04828453063965
"Germany","GERMANY","DEU",2022-05-30,7.37287998199463
"Germany","GERMANY","DEU",2022-05-31,4.95997190475464
"Germany","GERMANY","DEU",2022-06-01,4.3873987197876
"Germany","GERMANY","DEU",2022-06-02,3.83568382263184
"Germany","GERMANY","DEU",2022-06-03,0.854050278663635
"Germany","GERMANY","DEU",2022-06-04,0.539835155010223
"Germany","GERMANY","DEU",2022-06-05,0.414077460765839
"Germany","GERMANY","DEU",2022-06-06,0.758562028408051
"Germany","GERMANY","DEU",2022-06-07,1.90743255615234
"Germany","GERMANY","DEU",2022-06-08,1.81431317329407
"Germany","GERMANY","DEU",2022-06-09,2.67058420181274
"Germany","GERMANY","DEU",2022-06-10,1.1187915802002
"Germany","GERMANY","DEU",2022-06-11,0.0862993523478508
"Germany","GERMANY","DEU",2022-06-12,0.282596796751022
"Germany","GERMANY","DEU",2022-06-13,2.27436661720276
"Germany","GERMANY","DEU",2022-06-14,2.27378392219543
"Germany","GERMANY","DEU",2022-06-15,0.291569799184799
"Germany","GERMANY","DEU",2022-06-16,0.318314880132675
"Germany","GERMANY","DEU",2022-06-17,0.0313479602336883
"Germany","GERMANY","DEU",2022-06-18,0.00985655467957258
"Germany","GERMANY","DEU",2022-06-19,0.565790176391602
"Germany","GERMANY","DEU",2022-06-20,2.30559396743774
"Germany","GERMANY","DEU",2022-06-21,1.1930650472641
"Germany","GERMANY","DEU",2022-06-22,0.20196008682251
"Germany","GERMANY","DEU",2022-06-23,0.00383108598180115
"Germany","GERMANY","DEU",2022-06-24,0.0724899619817734
"Germany","GERMANY","DEU",2022-06-25,0.0158308576792478
"Germany","GERMANY","DEU",2022-06-26,0.0751325488090515
"Germany","GERMANY","DEU",2022-06-27,0.466801524162292
"Germany","GERMANY","DEU",2022-06-28,0.151662424206734
"Germany","GERMANY","DEU",2022-06-29,0.0111850323155522
"Germany","GERMANY","DEU",2022-06-30,0.00143515958916395
"Germany","GERMANY","DEU",2022-07-01,1.98721766471863
"Germany","GERMANY","DEU",2022-07-02,0.232020452618599
"Germany","GERMANY","DEU",2022-07-03,0.00267278216779232
"Germany","GERMANY","DEU",2022-07-04,0.161501601338387
"Germany","GERMANY","DEU",2022-07-05,0.412991523742676
"Germany","GERMANY","DEU",2022-07-06,1.36353874206543
"Germany","GERMANY","DEU",2022-07-07,2.33441615104675
"Germany","GERMANY","DEU",2022-07-08,1.58877635002136
"Germany","GERMANY","DEU",2022-07-09,0.883780360221863
"Germany","GERMANY","DEU",2022-07-10,2.57171630859375
"Germany","GERMANY","DEU",2022-07-11,1.30968332290649
"Germany","GERMANY","DEU",2022-07-12,0.0482028312981129
"Germany","GERMANY","DEU",2022-07-13,0.00119294808246195
"Germany","GERMANY","DEU",2022-07-14,0.42224383354187
"Germany","GERMANY","DEU",2022-07-15,1.41196227073669
"Germany","GERMANY","DEU",2022-07-16,0.895208954811096
"Germany","GERMANY","DEU",2022-07-17,0.545235931873322
"Germany","GERMANY","DEU",2022-07-18,0.00042376830242574
"Germany","GERMANY","DEU",2022-07-19,0
"Germany","GERMANY","DEU",2022-07-20,0
"Germany","GERMANY","DEU",2022-07-21,0.022571112960577
"Germany","GERMANY","DEU",2022-07-22,0.334516376256943
"Germany","GERMANY","DEU",2022-07-23,0.296591192483902
"Germany","GERMANY","DEU",2022-07-24,0.00051583297317847
"Germany","GERMANY","DEU",2022-07-25,0
"Germany","GERMANY","DEU",2022-07-26,0.20507088303566
"Germany","GERMANY","DEU",2022-07-27,1.34631264209747
"Germany","GERMANY","DEU",2022-07-28,0.712160229682922
"Germany","GERMANY","DEU",2022-07-29,0.0372272580862045
"Germany","GERMANY","DEU",2022-07-30,0.0992085784673691
"Germany","GERMANY","DEU",2022-07-31,0.00467419903725385
"Germany","GERMANY","DEU",2022-08-01,0.0768985152244568
"Germany","GERMANY","DEU",2022-08-02,0.0240193773061037
"Germany","GERMANY","DEU",2022-08-03,0.00026730768149718
"Germany","GERMANY","DEU",2022-08-04,0
"Germany","GERMANY","DEU",2022-08-05,0.255603730678558
"Germany","GERMANY","DEU",2022-08-06,1.45961332321167
"Germany","GERMANY","DEU",2022-08-07,0.574947774410248
"Germany","GERMANY","DEU",2022-08-08,0.150912672281265
"Germany","GERMANY","DEU",2022-08-09,0.0436182394623756
"Germany","GERMANY","DEU",2022-08-10,0.0145431198179722
"Germany","GERMANY","DEU",2022-08-11,0.00869672186672687
"Germany","GERMANY","DEU",2022-08-12,0.0333727188408375
"Germany","GERMANY","DEU",2022-08-13,0.0323641039431095
"Germany","GERMANY","DEU",2022-08-14,0.00425257161259651
"Germany","GERMANY","DEU",2022-08-15,0.00931531470268964
"Germany","GERMANY","DEU",2022-08-16,0.00399528304114937
"Germany","GERMANY","DEU",2022-08-17,0.00044118970981799
"Germany","GERMANY","DEU",2022-08-18,0.0240383539348841
"Germany","GERMANY","DEU",2022-08-19,0.0863554701209068
"Germany","GERMANY","DEU",2022-08-20,0.172482207417488
"Germany","GERMANY","DEU",2022-08-21,0.0693033561110497
"Germany","GERMANY","DEU",2022-08-22,0.150936961174011
"Germany","GERMANY","DEU",2022-08-23,0.083701379597187
"Germany","GERMANY","DEU",2022-08-24,0.0200809203088284
"Germany","GERMANY","DEU",2022-08-25,0.00444452790543437
"Germany","GERMANY","DEU",2022-08-26,0.00191357894800603
"Germany","GERMANY","DEU",2022-08-27,0.150162488222122
"Germany","GERMANY","DEU",2022-08-28,0.520350933074951
"Germany","GERMANY","DEU",2022-08-29,0.737316250801086
"Germany","GERMANY","DEU",2022-08-30,0.441568553447723
"Germany","GERMANY","DEU",2022-08-31,0.97073620557785
"Germany","GERMANY","DEU",2022-09-01,1.29907333850861
"Germany","GERMANY","DEU",2022-09-02,1.2339563369751
"Germany","GERMANY","DEU",2022-09-03,1.00166189670563
"Germany","GERMANY","DEU",2022-09-04,0.18053263425827
"Germany","GERMANY","DEU",2022-09-05,0.0440544746816158
"Germany","GERMANY","DEU",2022-09-06,0.113929986953735
"Germany","GERMANY","DEU",2022-09-07,0.0754537656903267
"Germany","GERMANY","DEU",2022-09-08,1.52434313297272
"Germany","GERMANY","DEU",2022-09-09,2.105952501297
"Germany","GERMANY","DEU",2022-09-10,2.85143756866455
"Germany","GERMANY","DEU",2022-09-11,2.69930171966553
"Germany","GERMANY","DEU",2022-09-12,2.09477543830872
"Germany","GERMANY","DEU",2022-09-13,0.841016590595245
"Germany","GERMANY","DEU",2022-09-14,2.08753418922424
"Germany","GERMANY","DEU",2022-09-15,3.44169688224792
"Germany","GERMANY","DEU",2022-09-16,5.88839197158813
"Germany","GERMANY","DEU",2022-09-17,7.57441568374634
"Germany","GERMANY","DEU",2022-09-18,8.07077026367188
"Germany","GERMANY","DEU",2022-09-19,7.47567081451416
"Germany","GERMANY","DEU",2022-09-20,7.93676900863647
"Germany","GERMANY","DEU",2022-09-21,8.3729305267334
"Germany","GERMANY","DEU",2022-09-22,7.85416984558105
"Germany","GERMANY","DEU",2022-09-23,6.59687471389771
"Germany","GERMANY","DEU",2022-09-24,5.62101984024048
"Germany","GERMANY","DEU",2022-09-25,6.19292879104614
"Germany","GERMANY","DEU",2022-09-26,7.06662845611572
"Germany","GERMANY","DEU",2022-09-27,8.68178176879883
"Germany","GERMANY","DEU",2022-09-28,9.52274036407471
"Germany","GERMANY","DEU",2022-09-29,9.55890369415283
"Germany","GERMANY","DEU",2022-09-30,8.40426731109619
"Germany","GERMANY","DEU",2022-10-01,7.08205842971802
"Germany","GERMANY","DEU",2022-10-02,5.58252239227295
"Germany","GERMANY","DEU",2022-10-03,6.85383367538452
"Germany","GERMANY","DEU",2022-10-04,6.54783868789673
"Germany","GERMANY","DEU",2022-10-05,3.94055867195129
"Germany","GERMANY","DEU",2022-10-06,4.83855772018433
"Germany","GERMANY","DEU",2022-10-07,6.37762498855591
"Germany","GERMANY","DEU",2022-10-08,6.69398546218872
"Germany","GERMANY","DEU",2022-10-09,8.41690826416016
"Germany","GERMANY","DEU",2022-10-10,6.11748266220093
"Germany","GERMANY","DEU",2022-10-11,7.72713470458984
"Germany","GERMANY","DEU",2022-10-12,8.14976692199707
"Germany","GERMANY","DEU",2022-10-13,6.5452094078064
"Germany","GERMANY","DEU",2022-10-14,4.85392570495605
"Germany","GERMANY","DEU",2022-10-15,3.4630434513092
"Germany","GERMANY","DEU",2022-10-16,2.7830753326416
"Germany","GERMANY","DEU",2022-10-17,1.72078859806061
"Germany","GERMANY","DEU",2022-10-18,3.74030137062073
"Germany","GERMANY","DEU",2022-10-19,7.2403507232666
"Germany","GERMANY","DEU",2022-10-20,7.41975736618042
"Germany","GERMANY","DEU",2022-10-21,4.61085367202759
"Germany","GERMANY","DEU",2022-10-22,4.23283815383911
"Germany","GERMANY","DEU",2022-10-23,4.23646926879883
"Germany","GERMANY","DEU",2022-10-24,3.16132116317749
"Germany","GERMANY","DEU",2022-10-25,5.28761339187622
"Germany","GERMANY","DEU",2022-10-26,4.81420707702637
"Germany","GERMANY","DEU",2022-10-27,3.60788917541504
"Germany","GERMANY","DEU",2022-10-28,1.48573112487793
"Germany","GERMANY","DEU",2022-10-29,2.46268391609192
"Germany","GERMANY","DEU",2022-10-30,2.9958484172821
"Germany","GERMANY","DEU",2022-10-31,5.2496862411499
"Germany","GERMANY","DEU",2022-11-01,4.97010517120361
"Germany","GERMANY","DEU",2022-11-02,7.68370676040649
"Germany","GERMANY","DEU",2022-11-03,8.60640430450439
"Germany","GERMANY","DEU",2022-11-04,9.10815906524658
"Germany","GERMANY","DEU",2022-11-05,10.6721754074097
"Germany","GERMANY","DEU",2022-11-06,10.6319389343262
"Germany","GERMANY","DEU",2022-11-07,7.21751165390015
"Germany","GERMANY","DEU",2022-11-08,6.88564491271973
"Germany","GERMANY","DEU",2022-11-09,6.33230543136597
"Germany","GERMANY","DEU",2022-11-10,8.27718544006348
"Germany","GERMANY","DEU",2022-11-11,10.064847946167
"Germany","GERMANY","DEU",2022-11-12,11.495551109314
"Germany","GERMANY","DEU",2022-11-13,11.5634212493896
"Germany","GERMANY","DEU",2022-11-14,11.5276727676392
"Germany","GERMANY","DEU",2022-11-15,8.75734424591064
"Germany","GERMANY","DEU",2022-11-16,9.84360027313232
"Germany","GERMANY","DEU",2022-11-17,10.7310657501221
"Germany","GERMANY","DEU",2022-11-18,13.1598920822144
"Germany","GERMANY","DEU",2022-11-19,16.9755477905273
"Germany","GERMANY","DEU",2022-11-20,16.5589370727539
"Germany","GERMANY","DEU",2022-11-21,15.3145360946655
"Germany","GERMANY","DEU",2022-11-22,13.9004154205322
"Germany","GERMANY","DEU",2022-11-23,12.4545192718506
"Germany","GERMANY","DEU",2022-11-24,11.9639930725098
"Germany","GERMANY","DEU",2022-11-25,12.3578777313232
"Germany","GERMANY","DEU",2022-11-26,12.6647129058838
"Germany","GERMANY","DEU",2022-11-27,14.0830793380737
"Germany","GERMANY","DEU",2022-11-28,13.2102203369141
"Germany","GERMANY","DEU",2022-11-29,12.69788646698
"Germany","GERMANY","DEU",2022-11-30,13.7050628662109
"Germany","GERMANY","DEU",2022-12-01,15.3610363006592
"Germany","GERMANY","DEU",2022-12-02,16.7681999206543
"Germany","GERMANY","DEU",2022-12-03,17.8345260620117
"Germany","GERMANY","DEU",2022-12-04,16.8680267333984
"Germany","GERMANY","DEU",2022-12-05,15.8833303451538
"Germany","GERMANY","DEU",2022-12-06,15.7031269073486
"Germany","GERMANY","DEU",2022-12-07,15.7270755767822
"Germany","GERMANY","DEU",2022-12-08,16.7933349609375
"Germany","GERMANY","DEU",2022-12-09,18.3938045501709
"Germany","GERMANY","DEU",2022-12-10,19.3347282409668
"Germany","GERMANY","DEU",2022-12-11,20.5060424804688
"Germany","GERMANY","DEU",2022-12-12,21.7475528717041
"Germany","GERMANY","DEU",2022-12-13,23.478687286377
"Germany","GERMANY","DEU",2022-12-14,22.5176963806152
"Germany","GERMANY","DEU",2022-12-15,22.433895111084
"Germany","GERMANY","DEU",2022-12-16,22.3520832061768
"Germany","GERMANY","DEU",2022-12-17,23.8876895904541
"Germany","GERMANY","DEU",2022-12-18,23.5822944641113
"Germany","GERMANY","DEU",2022-12-19,16.2823486328125
"Germany","GERMANY","DEU",2022-12-20,11.8711233139038
"Germany","GERMANY","DEU",2022-12-21,11.0138111114502
"Germany","GERMANY","DEU",2022-12-22,10.0219774246216
"Germany","GERMANY","DEU",2022-12-23,9.40277194976807
"Germany","GERMANY","DEU",2022-12-24,9.99942493438721
"Germany","GERMANY","DEU",2022-12-25,10.1949462890625
"Germany","GERMANY","DEU",2022-12-26,9.90524291992188
"Germany","GERMANY","DEU",2022-12-27,14.3628101348877
"Germany","GERMANY","DEU",2022-12-28,11.8940010070801
"Germany","GERMANY","DEU",2022-12-29,9.05561447143555
"Germany","GERMANY","DEU",2022-12-30,10.7775783538818
"Germany","GERMANY","DEU",2022-12-31,4.51296424865723
